news,source,label,Predictions,Remarks
"ನಿರಂತರ ಮಳೆ: ಕೊಳೆತ ಉದ್ದು ಬೆಳೆ                              
                        ",prajavani,1,1,True Negative
ಸಲಿಂಗ ಸಂಬಂಧ ವಿರೋಧಿಸಿದ್ದಕ್ಕೆ ಲಿಂಗ ಬದಲಿಸಿಕೊಂಡಳು,asianet,1,1,True Negative
 ನ್ಯೂಯಾರ್ಕ್ ಟೈಮ್ಸ್‌ ಮುಖಪುಟದಲ್ಲಿ ಮೋದಿ ಬಗ್ಗೆ ವರದಿ ಮಾಡಿಲ್ಲ,oneindia,0,0,True Positive
ಡ್ರೋಣ್ ಬಾಯ್ ಪ್ರತಾಪ್‌ನನ್ನು ವಿಜ್ಞಾನಿಯಾಗಿ DRDOಗೆ ಪ್ರಧಾನಿ ಮೋದಿಯವರು ನೇಮಿಸಿಲ್ಲ,factly,0,0,True Positive
"ಎಸ್ಎಂಕೆ, ನಾರಾಯಣ ಮೂರ್ತಿ, ಪ್ರಕಾಶ್ ಪಡುಕೋಣೆಗೆ ಕೆಂಪೇಗೌಡ ಅಂತಾರಾಷ್ಟ್ರೀಯ ಪ್ರಶಸ್ತಿ",asianet,1,1,True Negative
ಚಂದ್ರಶೇಖರ್‌ ಗುರೂಜಿಯ ಮತ್ತೊಬ್ಬ ಹಂತಕ ಯಾರು?,asianet,1,0,False Positive
 ಪ್ರತಿಭಟನೆ ವೇಳೆ ಬಿಜೆಪಿ ನಾಯಕ ಮನೋಜ್ ತಿವಾರಿ ಮೇಲೆ ಹಲ್ಲೆ? ,oneindia,0,0,True Positive
"ಪಿಎಫ್‌ಐ, ಎಸ್‌ಡಿಪಿಐ ನಿಷೇಧಕ್ಕಾಗಿ ರಾಜ್ಯವ್ಯಾಪಿ ಹೋರಾಟ: ಪ್ರಮೋದ್‌ ಮುತಾಲಿಕ್‌",asianet,1,0,False Positive
ಹಾವು ಕಿರುಚುವ ಈ ವೀಡಿಯೊಗೂ ಕರೀಂನಗರಕ್ಕೂ ಯಾವುದೇ ಸಂಬಂಧವಿಲ್ಲ..,factly,0,0,True Positive
ಮಾಜಿ ಕೇಂದ್ರ ಸಚಿವ ಚಿದಂಬರಂ ತಮ್ಮ ಪತ್ನಿ  ಒಡೆತನದ ಖಾಸಗಿ ನಿವಾಸಕ್ಕೆ ಬಾಡಿಗೆ ಭತ್ಯೆಯನ್ನು ಪಡೆದಿಲ್ಲ,factly,0,1,False Negative
"ವಿದ್ಯುತ್‌ ಕಾರಿಡಾರ್‌ ಪರಿಹಾರಕ್ಕೆ ಆಗ್ರಹಿಸಿ ರೈತರ ಪ್ರತಿಭಟನೆ                              
                        ",prajavani,1,0,False Positive
 ಜಾಮಾ ಮಸೀದಿಯ ಗುಮ್ಮಟಕ್ಕೆ ಹಾನಿ? ಇಲ್ಲಿದೆ ವೈರಲ್‌ ಫೋಟೋ ಅಸಲಿಯತ್ತು,asianet,0,0,True Positive
" ಹಿಂದೂ–ಮುಸ್ಲಿಂ ಯುವಕರ ನಡುವೆ ಗಲಾಟೆ, ಮೂವರಿಗೆ ಚಾಕು ಇರಿತ",prajavani,0,1,False Negative
"ಶಿಂಜೋ ಅಬೆ to ಇಂದಿರಾ ಗಾಂಧಿ, ಗುಂಡೇಟಿಗೆ ಬಲಿಯಾದ ಜನಪ್ರಿಯ ನಾಯಕರು",asianet,1,1,True Negative
 ಗಾಳಿಗೆ ಹಾರಿದ ಕ್ಯಾಂಟೀನ್ ಉಪಕರಣಗಳ ವಿಡಿಯೋ ತಪ್ಪಾಗಿ ಗ್ರಹಿಕೆ,oneindia,0,0,True Positive
ಗೆಳೆಯರಿಲ್ಲ ಮೊಬೈಲೇ ಎಲ್ಲಾ... ನೇಣಿಗೆ ಶರಣಾದ ಪಿಯು ವಿದ್ಯಾರ್ಥಿನಿ,asianet,1,1,True Negative
"ರಾಷ್ಟ್ರಪತಿ ಚುನಾವಣೆಗೆ ನಾಮಪತ್ರ ಸಲ್ಲಿಸಿದ ರೈತ, ಒಟ್ಟು 56 ಅಭ್ಯರ್ಥಿಗಳ ಸ್ಪರ್ಧೆ",asianet,1,1,True Negative
"ನಾಡು–ನುಡಿ ಬಿಂಬಿಸುವ ಸಮ್ಮೇಳನವಾಗಲಿ                              
                        ",prajavani,1,0,False Positive
 ತಡೆಯಾಜ್ಞೆ ವದಂತಿ ನಂಬಬೇಡಿ’,asianet,0,0,True Positive
ಗುಟ್ಕಾ ವ್ಯಾಪಾರಿ ಹತ್ಯೆ ಕೇಸ್‌ ನಲ್ಲಿ ದಂಪತಿ ಸೆರೆ,asianet,1,1,True Negative
"ಪಳನಿಸ್ವಾಮಿಗೆ  AIADMK ನಾಯಕತ್ವ, ಪನೀರ್‌ಸೆಲ್ವಂ ಬೆಂಬಲಿಗರ ಮಾರಾಮಾರಿ",asianet,1,0,False Positive
Gyanvapi Mosque Verdict: ಗ್ಯಾನ್‌ವಾಪಿ ಮಸೀದಿ ವಿಡಿಯೋ ಸರ್ವೆಗೆ ಕೋರ್ಟ್‌ ಅನುಮತಿ,asianet,1,1,True Negative
"ಈ ಬೆಳಕಿನ ಕಾರಂಜಿ ಪ್ರದರ್ಶನ ಚೀನಾದ್ದು, ರಾಜಸ್ಥಾನದ ಜೋಧ್‌ಪುರದ್ದಲ್ಲ",factly,0,1,False Negative
2015ರಲ್ಲಿ ನಾರ್ವೆಯ ಮುಸ್ಲಿಮರ ಮಾನವ ಸರಪಳಿ ಫೋಟೋವನ್ನು ಸ್ವೀಡನ್‌ ಗೆ ತಪ್ಪಾಗಿ ಬೆಸೆಯಲಾಗಿದೆ,factly,0,0,True Positive
"ಸಂಸತ್ತಿನ ಕಲಾಪದ ನಡುವೆಯೇ ಹಾಜರಾಗುವಂತೆ  ಇ.ಡಿ ಸಮನ್ಸ್ ನೀಡಿದೆ: ಖರ್ಗೆ                              
                        ",prajavani,1,0,False Positive
"ವಿಡಿಯೊ: ಪೊಲೀಸ್‌ ಠಾಣೆಯೊಳಗೆ ಹೆಡ್‌ ಕಾನ್‌ಸ್ಟೆಬಲ್‌ ಮೇಲೆ ಯುವಕರಿಂದ ಹಲ್ಲೆ                              
                        ",prajavani,1,0,False Positive
 ಟ್ವಿಟರ್ ಬಯೋದಿಂದ 'ಸಚಿವ' ಎಂಬ ಪದ ತೆಗೆದ ಆದಿತ್ಯ ಠಾಕ್ರೆ? ,oneindia,0,1,False Negative
ಮಗನನ್ನೇ ಮದುವೆಯಾದ ತಾಯಿ: ಪತಿಯಿಂದ ಪೊಲೀಸರಿಗೆ ದೂರು,asianet,1,1,True Negative
"ಬಾಗಲಕೋಟೆ: ಊಟ, ಒಳ ಉಡುಪುಗಳನ್ನು ಕದಿಯೋದೆ ಈ ಖದೀಮನ ಟಾರ್ಗೆಟ್‌..",asianet,1,1,True Negative
ರಾಹುಲ್‌ ಗಾಂಧಿಯನ್ನು ಬಂಧಿಸಿದರೆ ಉಗ್ರ ಹೋರಾಟ: ಡಿ.ಕೆ.ಶಿವಕುಮಾರ್‌,asianet,1,0,False Positive
 5 ಹಂತದಲ್ಲಿ ಲಾಕ್ಡೌನ್‌ ಸಡಿಲಿಕೆಗೆ ಮುಂದಾಗಿದ್ಯಾ ಕೇಂದ್ರ ಸರ್ಕಾರ?,asianet,0,0,True Positive
 ಭಾರತೀಯ 7 ಯೋಧರನ್ನು ಹತ್ಯೆಗೈತಾ ನೇಪಾಳ.?,asianet,0,0,True Positive
ಸಂದೇಶಗಳನ್ನು ಕಳುಹಿಸಲು ವಾಟ್ಸಾಪ್ ಬಳಕೆದಾರರಿಗೆ ಶುಲ್ಕ ವಿಧಿಸುವುದಿಲ್ಲ,factly,0,0,True Positive
ಈ 3ಡಿ ದೃಶ್ಯವು ಅಯೋಧ್ಯೆಯಲ್ಲಿ ಕಟ್ಟಲು ಉದ್ದೇಶಿಸಿರುವ ರಾಮಮಂದಿರದ ವಿನ್ಯಾಸವಲ್ಲ,factly,0,0,True Positive
ಪಾಲಿಸ್ಟರ್‌ ಧ್ವಜಕ್ಕೆ ಅನುಮತಿ ವಿರುದ್ಧ ಕಾಂಗ್ರೆಸ್‌ ಹೋರಾಟ: ಬೆಂಗೇರಿ ಖಾದಿ ಘಟಕಕ್ಕೆ ಹರಿಪ್ರಸಾದ್‌ ಭೇಟಿ,asianet,1,1,True Negative
ಕಳಸಾ ನೀರು ಸಿಗುವವರೆಗೆ ಬ್ಯಾಂಕ್‌ ಸಾಲ ತೀರಿಸದೆ ಇರಲು ರೈತರ ಅಭಿಯಾನ,asianet,1,1,True Negative
ಕೇಜ್ರಿವಾಲ್ ಮನೆ ಮುಂದೆ ಪ್ರತಿಭಟನೆ: ತೇಜಸ್ವಿ ಸೂರ್ಯ ವಿರುದ್ಧ ಚಾರ್ಜ್‌ಶೀಟ್,asianet,1,1,True Negative
ಇನ್ನೂ 5 ದಿನ ರಾಜ್ಯದಲ್ಲಿ ಮಳೆಯಾರ್ಭಟ: ನದಿಪಾತ್ರಗಳಲ್ಲಿ ಹೈ ಅಲರ್ಟ್,asianet,1,1,True Negative
ಬೊಮ್ಮಾಯಿ ಸೇರಿ ಬಿಜೆಪಿ ಆಡಳಿತ ರಾಜ್ಯದ ಸಿಎಂ ಜೊತೆ ಪ್ರಧಾನಿ ಮೋದಿ ಮಹತ್ವದ ಸಭೆ,asianet,1,1,True Negative
"ರಾಜ್ಯಪಾಲರ ವಿವಾದಾತ್ಮಕ ಹೇಳಿಕೆ, ಮರಾಠಿಗರ ಅವಮಾನ ಒಪ್ಪಲ್ಲ ಎಂದ ಸಿಎಂ ಶಿಂಧೆ",asianet,1,1,True Negative
"ಸೂಪರ್ಮಾರ್ಕೆಟ್ ಹೊರಗೆ ಕಾಣುವ ಪಕ್ಷಿಗಳ ಸಮೂಹದ ವೀಡಿಯೊ ಟೆಕ್ಸಾಸ್ (ಯುಎಸ್ಎ) ಯಿಂದ ಬಂದಿದೆ, ಸೌದಿ ಅರೇಬಿಯಾದಿಂದ ಅಲ್ಲ",factly,0,0,True Positive
"ಮತ್ತೆ ಇಸ್ಲಾಮಿಕ್ ಭಯೋತ್ಪಾದನೆಗೆ ನಲುಗಿದ ನೈಜೀರಿಯಾ, ಚರ್ಚ್ ಮೇಲೆ ದಾಳಿ, ಮೃತದೇಹಗಳ ರಾಶಿ",asianet,1,1,True Negative
ಕೇರಳದ ಮಹಿಳಾ ಪೊಲೀಸ್‌ ಸಿಬ್ಬಂದಿ ಬುರ್ಕಾ ಹಾಕಿಕೊಂಡಿರುವುದು ಹೌದಾ?,asianet,0,1,False Negative
ದೀಪಿಕಾ ಪಡುಕೋಣೆ ರೈತಪರ ಘೋಷಣೆ ಹೊಂದಿದ್ದ ಟೀ ಶರ್ಟ್ ಧರಿಸಿದ್ದರು ಎಂದು ಎಡಿಟ್ ಮಾಡಲಾದ ಫೋಟೊ ಹಂಚಿಕೊಳ್ಳಲಾಗಿದೆ,factly,0,0,True Positive
 ರಾಜೀನಾಮೆ ನೀಡುವ ಬಿಜೆಪಿ ಪದಾಧಿಕಾರಿಗಳಿಗೆ ಅಭಿನಂದನೆ; ಬಿಜೆಪಿ ವಿರುದ್ಧ ಮುತಾಲಿಕ್ ಕಿಡಿ,news18,1,1,True Negative
ಬಾಂಗ್ಲಾದೇಶದ ಹಿಂದೂ ದೇವಾಲಯದ ಮೇಲಿನ ದಾಳಿಯ ವೀಡಿಯೊವನ್ನು ಪಶ್ಚಿಮ ಬಂಗಾಳದಲ್ಲಿ ದುರ್ಗಾ ಪೂಜೆಯ ವೇಳೆ ನಡೆದ ದಾಳಿ ಎಂದು ಹಂಚಿಕೊಳ್ಳಲಾಗುತ್ತಿದೆ,factly,0,0,True Positive
"ಪ್ರವಾಸಿ ತಾಣಗಳಿಗೆ ಸಿಇಒ ಭೇಟಿ                              
                        ",prajavani,1,1,True Negative
ತೈಲ ಬೆಲೆ ಏರಿಕೆ ನಡುವೆ ಡಾಲರ್ ಎದುರು ದಾಖಲೆ ಕುಸಿತ ಕಂಡ ರೂಪಾಯಿ,asianet,1,1,True Negative
ಆತ್ಮಹತ್ಯೆಗೆ ಮುಂದಾದ ಪ್ರೇಮಿಗಳು: ಕೊನೆ ಕ್ಷಣದಲ್ಲಿ ಕಹಾನಿ ಮೇ ಟ್ವಿಸ್ಟ್: ದೂರು ದಾಖಲು,asianet,1,1,True Negative
ಜಿಗಿ ಜಿಗಿದು ಕುಣಿಯುತ್ತಿದೆ ದೇಶದ ಜಿಡಿಪಿ: ಮೋದಿ ಮೋಡಿ ವರ್ಕ್ ಔಟ್ ಆಯ್ತಾ?,asianet,1,0,False Positive
 ಮಿಯಾ ಖಲೀಫಾಗೆ ಕಾಂಗ್ರೆಸ್ ಕಾರ್ಯಕರ್ತರು ಕೇಕ್‌ ತಿನ್ಸಿದ್ರಾ?,asianet,0,0,True Positive
ಬಿಹಾರದಲ್ಲಿ ‘ಜ್ಯೋತಿ ಕುಮಾರಿ’ ಬಾಲಕಿಯ ಸಾವನ್ನು ‘ಸೈಕಲ್ ಹುಡುಗಿ’ ಜ್ಯೋತಿ ಕುಮಾರಿ ಪಾಸ್ವಾನ್ ಅವರೊಂದಿಗೆ ತಪ್ಪಾಗಿ ಸಂಬಂಧಿಸಲಾಗಿದೆ,factly,0,0,True Positive
"ಸಾರ್ವಜನಿಕರ ಲೂಟಿ ಮಾಡಲು ಸಂವಿಧಾನ ನೆರವು, ವಿವಾದಿತ ಹೇಳಿಕೆ ನೀಡಿದ ಸಚಿವ ರಾಜೀನಾಮೆ",asianet,1,1,True Negative
 'ಕಚ್ಚಾ ಬಾದಮ್' ಗಾಯಕ ಭುವನ್ ಬಡ್ಯಾಕರ್‌ಗೆ ಭಾರತೀಯ ರೈಲ್ವೆಯಲ್ಲಿ ಕೆಲಸ ,oneindia,0,0,True Positive
"ಇಲ್ಲಿದೆ ಹಿಂದೂಗಳೇ ಕಟ್ಟಿಸಿದ ದರ್ಗಾ                              
                        ",prajavani,1,0,False Positive
12 ಲಕ್ಷ ಖರ್ಚು ಮಾಡಿ ನಾಯಿಯಂತಾದ ವ್ಯಕ್ತಿ..,asianet,1,0,False Positive
ಈ ಚಿತ್ರದಲ್ಲಿರುವ ಹುಡುಗ ತನ್ನ ಶಾಲೆಯ ರಸಾಯನಶಾಸ್ತ್ರ ಪ್ರಯೋಗಾಲಯವನ್ನು ಸ್ವಚ್ಚಗೊಳಿಸುವಾಗ ಗಾಯಗೊಂಡಿದ್ದಾನೆ,factly,0,0,True Positive
"ದೆಹಲಿ, ಮುಂಬೈ, ಯುಪಿ, ಗುಜರಾತ್‌ ಸೇರಿ ಹಲವೆಡೆ Al-Qaeda ಆತ್ಮಹತ್ಯಾ ದಾಳಿಯ ಬೆದರಿಕೆ  ",asianet,1,1,True Negative
ಹುಡುಗಿ ಸಿಗದಿದ್ರು ಓಕೆ ಮನೆ  ಬೇಕು: ಬಾಡಿಗೆ ಮನೆ ಹುಡುಕಲು ಡೇಟಿಂಗ್ ಆಪ್ ಮೊರೆ ಹೋದ ಯುವಕ,asianet,1,1,True Negative
"ಬಂಡಾಯ ನಾಯಕರಿಗೆ ಉದ್ಧವ್ ಠಾಕ್ರೆ ಅನರ್ಹ ಅಸ್ತ್ರ, ಶಿಂದೆಯಿಂದ ಹೊಸ ಪಕ್ಷದ ತಂತ್ರ",asianet,1,1,True Negative
"ಹರಿಯಾಣ ಕಾಂಗ್ರೆಸ್‌ನ ಮಾಜಿ ನಾಯಕ ಕುಲದೀಪ್‌ ಬಿಷ್ಣೋಯಿ ಬಿಜೆಪಿಗೆ ಸೇರ್ಪಡೆ                              
                        ",prajavani,1,1,True Negative
ಯುಪಿಯ 6ನೇ  Bundelkhand expressway ಜು.16ಕ್ಕೆ ಮೋದಿಯಿಂದ ಲೋಕಾರ್ಪಣೆ,asianet,1,0,False Positive
ಫ್ಯಾಕ್ಟ್‌ಚೆಕ್‌ ಯೋಗಿ ಹಣೆಗೆ ಹಚ್ಚಿಕೊಂಡಿದ್ದು ಯೋಧನ ಚಿತೆಯ ಬೂದಿಯಲ್ಲ,prajavani,0,0,True Positive
ಒಹಾಯೋ ಸ್ಟೇಟ್‌ಹೌಸ್‌ನಲ್ಲಿನ ಪ್ರತಿಭಟನಕಾರರ ವಿಡಿಯೋವನ್ನು “ಶ್ವೇತಭವನಕ್ಕೆ ಪ್ರತಿಭಟನಾಕಾರರು ನುಗ್ಗಿದ್ದಾರೆ” ಎಂದು ಸುಳ್ಳು ಸುದ್ದಿ ಹರಡಲಾಗಿದೆ,factly,0,0,True Positive
ಕರಾಟೆ ಹೆಣ್ಣುಮಕ್ಕಳಿಗೆ ವರದಾನ: ನಡಹಳ್ಳಿ ,prajavani,1,0,False Positive
ರಾಜ್ಯದಲ್ಲಿ ಮುಂದುವರಿದ ಮಳೆಯಬ್ಬರ- ಹೆಬ್ಬಾಳೆ ಸೇತುವೆ ಮತ್ತೆ ಮುಳುಗಡೆ,publictv,1,1,True Negative
"Punjab Politics ಕಾಂಗ್ರೆಸ್‌ಗೆ ಮತ್ತೊಂದು ಹೊಡೆತ, ಐವರು ಹಿರಿಯ ನಾಯಕರು ಬಿಜೆಪಿ ಸೇರ್ಪಡೆ",asianet,1,1,True Negative
"ದಸರಾ ಮಹೋತ್ಸವಕ್ಕೆ 14 ಆನೆಗಳು: ಭಾನುವಾರ ವೀರನಹೊಸಳ್ಳಿಯಿಂದ ಗಜಪಯಣ                              
                        ",prajavani,1,1,True Negative
"14,850 ಕೋಟಿ  ವೆಚ್ಚದ ಬುಂದೇಲ್‌ಖಂಡ ಎಕ್ಸ್‌ಪ್ರೆಸ್‌ ವೇ ಅನಾವರಣ ಮಾಡಲಿರುವ ಪ್ರಧಾನಿ ಮೋದಿ",asianet,1,1,True Negative
ಭಾರತದಲ್ಲಿ ಉಗ್ರ ಆತ್ಮಾಹುತಿ ದಾಳಿ: ಅಲ್‌ ಖೈದಾ ಬೆದರಿಕೆ,asianet,1,1,True Negative
ಈ ಫೋಟೋದಲ್ಲಿರುವ ವೆಂಟಿಲೇಟರ್ ಅನ್ನು ‘PM CARES’ ನಿಧಿಯಿಂದ ಖರೀದಿಸಲಾಗಿದೆ,factly,0,0,True Positive
"3150 ಧ್ವಜ ತಯಾರಿಸಿದ ಸ್ವಸಹಾಯ ಸಂಘಗಳು                              
                        ",prajavani,1,0,False Positive
"ಸಣ್ಣ-ಪುಟ್ಟ ವಿಚಾರಕ್ಕೆ ಜೀವವನ್ನೇ ತೆಗೆದ, ಸಂಭ್ರಮದ ಮನೆಯಲ್ಲಿ ಸ್ಮಶಾನ ಮೌನ",asianet,1,1,True Negative
"Breaking News: ಶೂಟಿಂಗ್‌ ನಡುವೆ ತೀವ್ರ ಅಸ್ವಸ್ಥರಾದ Deepika Padukone, ಆಸ್ಪತ್ರೆಗೆ ರವಾನೆ",asianet,1,1,True Negative
Viral Video: ಸಾಗುವ ವಾಹನಗಳನ್ನು ಎಳೆದೆಳೆದು ಬೀಳಿಸುವ ವಿಚಿತ್ರ ರಸ್ತೆ,asianet,1,1,True Negative
 ರಕ್ತದ ಕಲೆಯ ವಸ್ತ್ರ ಕಟ್ಟಿಕೊಂಡು ಪೊಲೀಸರ ನಾಟಕ?,prajavani,0,0,True Positive
Bengaluru Drug Peddling: ಡ್ರಗ್ಸ್‌ ದಂಧೆ:  ಆಫ್ರಿಕನ್‌ ಪ್ರಜೆ ಸೇರಿ ಇಬ್ಬರ ಬಂಧನ ,asianet,1,1,True Negative
ಸಿದ್ದರಾಮಯ್ಯಗೆ ‘ಜಯದೇವಶ್ರೀ’ ಪ್ರಶಸ್ತಿ,prajavani,0,1,False Negative
 ಮಾರ್ಚ್ 2021ರವರೆಗೆ ಕೊರೊನಾ ಲಸಿಕೆ ಖರೀದಿಸಿಯೇ ಇರಲಿಲ್ಲ ಭಾರತ? ,oneindia,0,0,True Positive
"ಕಬ್ಬಿನ ಲಾರಿ ಅಡ್ಡಗಟ್ಟಿ ಕಬ್ಬು ತಿಂದ ಆನೆ, ಮರಿಯಾನೆ",publictv,1,1,True Negative
 ಏರ್‌ ಇಂಡಿಯಾದಲ್ಲಿ 3 ಪಟ್ಟು ಹಣ ವಸೂಲಿ ಮಾಡಲಾಯ್ತಾ?,asianet,0,1,False Negative
1991ರ  ಧಾರ್ಮಿಕ ಕಾಯ್ದೆ ರದ್ದಾಗುತ್ತಾ.? ರದ್ದಾದರೆ ಪರಿಣಾಮವೇನು..? ,asianet,1,0,False Positive
"ಕಳವು ಪ್ರಕರಣ ಬೇಧಿಸಿದ ಪೊಲೀಸರು                              
                        ",prajavani,1,1,True Negative
  ಜೀಜಾಬಾಯಿ ಭೋಸಲೆ  ಮೃಗಾಲಯದ ಹೆಸರು ಹಜರತ್ ಪೀರ್ ಬಾಬಾ ಎಂದು  ಮರುನಾಮಕರಣ?,asianet,0,0,True Positive
ಆಹಾರದ ಮೇಲೆ ಉಗುಳುವುದು ಹಲಾಲ್‌ನ ಭಾಗವೆಂದು ಮುಸ್ಲಿಂ ಸಮುದಾಯವು ನ್ಯಾಯಾಲಯದಲ್ಲಿ ಒಪ್ಪಿಕೊಂಡಿಲ್ಲ,factly,0,0,True Positive
"ವಿಜಯಪುರ: ರೇವಣಸಿದ್ದೇಶ್ವರ ಯೋಜನೆಗೆ ಶೀಘ್ರ ಮಂಜೂರಾತಿ                              
                        ",prajavani,1,1,True Negative
"ಇನ್ನಾರು ತಿಂಗಳಲ್ಲಿ ಶಿಂಧೆ ಸರ್ಕಾರ ಪತನ, ಚುನಾವಣೆಗೆ ಸಿದ್ಧರಾಗಿ:  ಪವಾರ್‌",asianet,1,0,False Positive
 ಅಬ್ಬಬ್ಬಾ... ಎಸ್‌ಪಿಬಿ ಆಸ್ಪತ್ರೆ ಬಿಲ್‌ 3 ಕೋಟಿ ಆಯ್ತಾ?,asianet,0,1,False Negative
"ಕೇರಳದಲ್ಲಿ 30 ವರ್ಷಗಳಲ್ಲಿ 60ಕ್ಕೂ ಹೆಚ್ಚು ವಿದ್ಯಾರ್ಥಿನಿಯರಿಗೆ ಕಿರುಕುಳ, ಮಾಜಿ ಶಿಕ್ಷಕಿಕನ ಬಂಧನ",asianet,1,1,True Negative
ಪಟಾಕಿಯಿಂದಾಗಿ ದ್ವಿಚಕ್ರ ವಾಹನ ಸ್ಫೋಟಗೊಂಡ ವಿಡಿಯೋವನ್ನು ಎಲೆಕ್ಟ್ರಿಕ್ ಸ್ಕೂಟರ್ ಸ್ಫೋಟದ ವೀಡಿಯೊ ಎಂದು ಪ್ರತಿಪಾದಿಸಿ ಶೇರ್‌ ಮಾಡಲಾಗುತ್ತಿದೆ,factly,0,0,True Positive
ನಾಳೆ 10 ಗಂಟೆಗೆ ಸಿಇಟಿ ಪರೀಕ್ಷಾ ಫಲಿತಾಂಶ ಪ್ರಕಟ,asianet,1,1,True Negative
BIG 3: ಹಕ್ಕು ಕೇಳಿದ್ದಕ್ಕೆ ಎರಡು ಕುಟುಂಬಗಳಿಗೆ ಬಹಿಷ್ಕಾರ,asianet,1,1,True Negative
Fact Check: ವಾರಾಣಸಿಯ ನಂದಿ ವಿಗ್ರಹ ಎನ್ನಲಾದ ವೈರಲ್‌ ಫೋಟೋ ಮಹಾರಾಷ್ಟ್ರದ್ದು,asianet,1,0,False Positive
"ಬಾಲಿವುಡ್‌ ಖ್ಯಾತ ನಟ ಮಿಥಿಲೇಶ್ ಚತುರ್ವೇದಿ ನಿಧನ                              
                        ",prajavani,1,1,True Negative
"‘ಬೂತ್ ಮಟ್ಟದಿಂದ ಪಕ್ಷ ಬಲಪಡಿಸಲು ಕ್ರಮ’                              
                        ",prajavani,1,1,True Negative
ನೊಬೆಲ್ ಪ್ರಶಸ್ತಿ ವಿಜೇತ ತಸುಕು ಹೊಂಜೊ ಅವರು ‘ಕರೋನವೈರಸ್ ಮನುಷ್ಯನಿಂದ ಮಾಡಲ್ಪಟ್ಟಿದೆ’ ಎಂದು ಹೇಳಿಕೊಂಡಿಲ್ಲ,factly,0,0,True Positive
ಮನೆಯಲ್ಲಿ ಶ್ವಾನವನ್ನು ಒಂಟಿಯಾಗಿ ಬಿಟ್ಟು ಹೋಗುತ್ತೀರಾ : ಹಾಗಿದ್ರೆ ಈ ಸ್ಟೋರಿ ಓದಿ,asianet,1,1,True Negative
ಕಾಮನ್‌ವೆಲ್ತ್‌ ಪದಕ ವಿಜೇತ ಗುರುರಾಜ ಪೂಜಾರಿಗೆ ಅದ್ಧೂರಿ ಸ್ವಾಗತ ,prajavani,1,1,True Negative
ಕಳ್ಳತನಕ್ಕೆ ಸಂಬಂಧಿಸಿದ ವೀಡಿಯೊವನ್ನು ತಿರುಪತಿ ದೇವಸ್ಥಾನ ಸಮಿತಿ ಸದಸ್ಯನ (TTD) ಮನೆಗೆ IT ದಾಳಿ ಎಂದು ತಪ್ಪಾಗಿ ಹಂಚಿಕೊಳ್ಳಲಾಗುತ್ತಿದೆ,factly,0,0,True Positive
ಗ್ಯಾನ್‌ವಾಪಿ ವರದಿ ಸಲ್ಲಿಸಲು 2 ದಿನ ಕಾಲಾವಕಾಶ: ಮಸೀದಿ ಪ್ರವೇಶಕ್ಕೆ ಮುಸ್ಲಿಮರಿಗೆ ನಿರ್ಬಂಧವಿಲ್ಲ,asianet,1,0,False Positive
ಫೋಟೋ ತೆಗೆಸಿಕೊಳ್ಳಲು ಹೋಗಿ ಜಲಪಾತಕ್ಕೆ ಬಿದ್ದ ಯುವಕ: ರಕ್ಷಣಾ ಪಡೆಯಿಂದ ಶೋಧ ಕಾರ್ಯಾಚರಣೆ,asianet,1,1,True Negative
"ಜಪಾನ್‌ನಲ್ಲಿ ಅಮೆರಿಕ ಅಧ್ಯಕ್ಷ ಜೋ ಬೈಡೆನ್ ಜೊತೆ ಮೋದಿ ಸಭೆ, ರಷ್ಯಾ-ಉಕ್ರೇನ್ ಯುದ್ಧದ ಬಗ್ಗೆ ಚರ್ಚೆ",asianet,1,1,True Negative
ರಾಜಸ್ಥಾನದಲ್ಲಿ ಸ್ವಾಮೀಜಿ ಆತ್ಮಹತ್ಯೆ – ಬಿಜೆಪಿ ಶಾಸಕ ವಿರುದ್ಧ ಆರೋಪ,publictv,1,1,True Negative
"ಭಾರಿ ಮಳೆಗೆ 64 ಜನರ ಸಾವು: ಆರ್‌.ಅಶೋಕ್‌                              
                        ",prajavani,1,1,True Negative
ಯೋಗಿ ಆದಿತ್ಯನಾಥ್ ತನ್ನ ಹಣೆಗೆ ಇಟ್ಟುಕೊಂಡ ತಿಲಕ ಹೋಲಿಕಾ ದಹನದ್ದು ಹೊರತು ಹುತಾತ್ಮ ಸೈನಿಕನ ಚಿತಾಭಸ್ಮವಲ್ಲ,factly,0,0,True Positive
" ಸರಕಾರದಿಂದ ಪ್ರತಿಯೊಬ್ಬರಿಗೂ 30,628 ರೂ ಸಿಗುವುದು ನಿಜವಾ? ",oneindia,0,0,True Positive
"ಜಮ್ಮು–ಕಾಶ್ಮೀರ: 370ನೇ ವಿಧಿ ರದ್ದತಿ ಬಳಿಕ ಹಿಂಸಾಚಾರದಲ್ಲಿ ಗಣನೀಯ ಇಳಿಕೆ                              
                        ",prajavani,1,1,True Negative
" ಸ್ವತಂತ್ರ ಭಾರತದ ಮೊದಲ ಇಫ್ತಾರ್ ಪಾರ್ಟಿಯಲ್ಲಿ‌ ನೆಹರು, ಅಂಬೇಡ್ಕರ್? ವೈರಲ್‌ ಫೋಟೊ ಸತ್ಯಾಸತ್ಯತೆ ಏನು?",asianet,0,0,True Positive
"ಇಲ್ಲ, ಟಾಟಾ ಗ್ರೂಪ್ ಜೆಎನ್‌ಯು ವಿದ್ಯಾರ್ಥಿಗಳನ್ನು ಕೆಲಸಕ್ಕ ನೇಮಕ ಮಾಡುವುದಿಲ್ಲ ಎಂದು ರತನ್ ಟಾಟಾ ಘೋಷಿಸಿಲ್ಲ",factly,0,0,True Positive
 ಕ್ವಾಡ್ ಶೃಂಗದಲ್ಲಿ ಪ್ರಧಾನಿ ಮೋದಿ ಕಡೆಗಣಿಸಿದ ಜೋ ಬೈಡೆನ್‌? ವೈರಲ್‌ ವಿಡಿಯೋ ಸತ್ಯಾಸತ್ಯತೆ ಏನು?,asianet,0,0,True Positive
ಪ್ರವೀಣ್‌ ನೆಟ್ಟಾರ್‌ ಹತ್ಯೆಗೆ 2 ತಿಂಗಳಿಂದಲೇ ಸ್ಕೆಚ್‌,asianet,1,0,False Positive
 ಈ ವಿಡಿಯೋ ರಷ್ಯಾ ಉಕ್ರೇನ್ ಯುದ್ಧದ್ದಾ?,oneindia,0,0,True Positive
ಪ್ರವೀಣ್ ಕುಟುಂಬಕ್ಕೆ ಬಿಜೆಪಿ ಮನೆ ಕಟ್ಟಿಸಿ ಕೊಡುತ್ತದೆ: ತೇಜಸ್ವಿ ಸೂರ್ಯ,publictv,1,1,True Negative
" 25 GB ಉಚಿತ ಡಾಟಾ ಆಫರ್, ಎಚ್ಚರಿಕೆ ನೀಡಿ ರಿಲಯನ್ಸ್ ಜಿಯೋ ",asianet,0,0,True Positive
"ಕಾವೇರಿ ಟೆಲಿಕಾಂನ ₹40.14 ಕೋಟಿ ಆಸ್ತಿ ಜಪ್ತಿ ಮಾಡಿದ ಇ.ಡಿ                              
                        ",prajavani,1,1,True Negative
ಬಹಮನಿಯರ ಕೋಟೆ ಮೇಲೆ ಹಾರಾಡಲಿದೆ ರಾಷ್ಟ್ರಧ್ವಜ ,prajavani,1,0,False Positive
ನರೇಂದ್ರ ಮೋದಿ ಅವರು ಟ್ಯಾಕ್ಸಿಯಲ್ಲಿ ತೆರಳಿ ಪೋಪ್‌ ಫ್ರಾನ್ಸಿಸ್‌ ರವರನ್ನು ಭೇಟಿಯಾಗಿರುವ ಚಿತ್ರಗಳು ಎಡಿಟ್ ಮಾಡಿದವುಗಳಾಗಿವೆ,factly,0,0,True Positive
ನೂಪುರ್‌ ಕೊಲ್ಲಲು ಬಂದ ಪಾಕ್‌ ನುಸುಳುಕೋರ ಸರೆ,asianet,1,1,True Negative
"₹4.50 ಕೋಟಿ ವೆಚ್ಚದ ಕಾಮಗಾರಿಗೆ ಚಾಲನೆ                              
                        ",prajavani,1,1,True Negative
"ಪ್ರವಾಹ: ಇನ್ನೂ ಎರಡು ಎಸ್‌ಡಿಆರ್‌ಎಫ್ ತಂಡ                              
                        ",prajavani,1,1,True Negative
Mandya Crime: ಮೋಹನ್‌ ಹತ್ಯೆ ಕೇಸ್‌: ನಾಗಮಂಗಲದಲ್ಲಿ ಪ್ರಕ್ಷುಬ್ಧ ವಾತಾವರಣ,asianet,1,1,True Negative
 ರಾಖಿ ಸಾವಂತ್ ಪಾಕಿಸ್ತಾನ ಧ್ವಜವನ್ನು ಅಪ್ಪಿಕೊಂಡಿದ್ದೇಕೆ? ,oneindia,0,0,True Positive
" ಸನ್ನಿ ನಂ. 1,  ಕೊರೋನಾ ಔಷಧಿಗೆ  ಲಿಯೋನ್ 650 ಕೋಟಿ ಕೊಟ್ರಂತೆ",asianet,0,0,True Positive
"ಆರೋಪ ಸಾಬೀತು; ಆರು ತಿಂಗಳು ಶಿಕ್ಷೆ                              
                        ",prajavani,1,1,True Negative
ಸಾಮಾಜಿಕ ಜಾಲತಾಣದಲ್ಲಿ ವೈರಲ್‌ ಆದ ಫೋಟೋ ಲಂಡನ್ ಮ್ಯೂಸಿಯಂನಲ್ಲಿರುವ ಛತ್ರಪತಿ ಶಿವಾಜಿಯ ಚಿತ್ರವಲ್ಲ,factly,0,0,True Positive
RRR ಸಿನಿಮಾ ಬಗ್ಗೆ ಪ್ರಶ್ನೆ : ತೆಲಂಗಾಣ ಪಿಯುಸಿ ಪ್ರಶ್ನೆ ಪತ್ರಿಕೆ ವೈರಲ್‌ ,asianet,1,0,False Positive
ಸರ್ಕಾರಕ್ಕೆ ಮುಜುಗರ ಪ್ರಶ್ನೆಯೇ ಇಲ್ಲ: ಸಿಎಂ ಬೊಮ್ಮಾಯಿ,asianet,1,1,True Negative
 ಜಲಾವೃತವಾಗಿರುವ ರಸ್ತೆಗಳಲ್ಲಿ ಕಸ ತೇಲುತ್ತಿರುವ ಈ ವಿಡಿಯೋ ಚೆನ್ನೈನದ್ದಾ?,oneindia,0,0,True Positive
"ಅಗ್ನಿಪಥಕ್ಕೆ 3 ದಿನದಲ್ಲಿ 56,960 ಅರ್ಜಿ ಸಲ್ಲಿಕೆ",asianet,1,0,False Positive
ಏರೋಸಿಟಿ (ದೆಹಲಿ) ಯಲ್ಲಿನ ಎರಡು ಗುಂಪುಗಳ ನಡುವಿನ ಜಗಳವನ್ನು ನಟ ಅಜಯ್ ದೇವಗನ್ ಅವರು ಮಾಡಿದ್ದಾರೆಂದು ತಪ್ಪಾಗಿ ಲಿಂಕ್‌ ಮಾಡಲಾಗಿದೆ,factly,0,0,True Positive
 ದೇವಸ್ಥಾನಗಳಿಗೆ ಮಾತ್ರ ತೆರಿಗೆ?,asianet,0,0,True Positive
ಚಂದ್ರಶೇಖರ ಗುರೂಜಿ ಹತ್ಯೆ ನಡೆದ ಹೋಟೆಲ್‍ನಲ್ಲಿ ಮತ್ತೆ ಪೂಜೆ,publictv,1,1,True Negative
" ಆಗಸ್ಟ್ ಈ ಎರಡು ರಾಶಿಗಳಿಗೆ ಅದೃಷ್ಟದ ತಿಂಗಳು, ಇವರ ಎಲ್ಲಾ ಕನಸುಗಳೂ ಈಡೇರುತ್ತೆ",news18,1,1,True Negative
ದಾಳಿಯ ಬೆನ್ನಲ್ಲೇ ಕಾರ್ತಿ ಚಿದಂಬರಂ ಆಪ್ತ ಸ್ನೇಹಿತನನ್ನು ಬಂಧಿಸಿದ ಸಿಬಿಐ,asianet,1,1,True Negative
ರಾಷ್ಟ್ರಪತಿ ಚುನಾವಣೆಗೆ ದೇವೇಗೌಡ್ರು ಸ್ಪರ್ಧಿಸುತ್ತಾರಾ? ಎಲ್ಲಾ ಗೊಂದಲಗಳಿಗೆ HDK ತೆರೆ,asianet,1,1,True Negative
 ರೈತರಿಗೆ ಪೊಲೀಸರು ಹೊಡೆದೇ ಇಲ್ಲವೇ? ಅವರು ಖಲಿಸ್ತಾನ ಉಗ್ರರೇ?,oneindia,0,0,True Positive
 ಅದಾನಿಗೆ ಸರ್ಕಾರ ರೈಲ್ವೇಸ್‌ಅನ್ನು ಮಾರಾಟ ಮಾಡಿಲ್ಲ,oneindia,0,0,True Positive
ಎನ್‌ಡಿಎ ರಾಷ್ಟ್ರಪತಿ ಅಭ್ಯರ್ಥಿ ದ್ರೌಪದಿ ಮುರ್ಮು ಅವರನ್ನು ಭೇಟಿಯಾದ ಪ್ರಧಾನಿ ಮೋದಿ,asianet,1,0,False Positive
 ಗಡಿ ನಿಯಂತ್ರಣ ರೇಖೆ ಬಳಿ ಭಾರತ-ಚೀನಾ ಯುದ್ಧ?,asianet,0,0,True Positive
ಬಾಹ್ಯಾಕಾಶದಿಂದ ಭೂಮಿಗೆ ಸೌರವಿದ್ಯುತ್: ಚೀನಾ ಸಾಹಸ,asianet,1,1,True Negative
 ಮಹಾರಾಷ್ಟ್ರದ ಅಂಬೋಲಿ ಜಲಪಾತ ಹೆಸರಲ್ಲಿ ಗುಜರಾತ್ ಜಲಪಾತದ ವಿಡಿಯೋ ವೈರಲ್,asianet,0,1,False Negative
ಆಹಾ... ಏನ್ ಟೇಸ್ಟ್‌ ಗುರು ಮೊದಲ ಸಲ ಪಿಜ್ಜಾ ತಿಂದ ಮಗುವಿನ ರಿಯಾಕ್ಷನ್ ಇದು,asianet,1,1,True Negative
"ಗೌರಸಮುದ್ರ ಜಾತ್ರೆಯೊಳಗೆ ಸಜ್ಜಾಗುವವೇ ರಸ್ತೆಗಳು?                              
                        ",prajavani,1,0,False Positive
ದೇಶ ಬಲಿಷ್ಠವಾಗಿಸಲು ಯುವಶಕ್ತಿಗೆ ಕರೆ ,prajavani,1,1,True Negative
"ಐಪಿಸಿಯಲ್ಲಿ ಹಿಂದೂ ಧರ್ಮ ನಿಂದಿಸುವವರ ವಿರುದ್ಧ ಸೆಕ್ಷನ್ 295 (1), 502 (2) ಅಡಿಯಲ್ಲಿ ಪ್ರಕರಣ ದಾಖಲಿಸಲಾಗದು. ಏಕೆಂದರೆ ಐಪಿಸಿಯಲ್ಲಿ ಆ ಸೆಕ್ಷನ್‌ಗಳೆ ಇಲ್ಲ",factly,0,0,True Positive
 ಬಿಎಸ್ಎಫ್ ಯೋಧರೊಂದಿಗೆ ವಿಜಯ್ ದಿವಸ್ ಆಚರಿಸಿದ್ರಾ ಬಾಲಿವುಡ್‌ ಬೆಡಗಿ?,asianet,0,0,True Positive
Hindu Temple ಕಿಡಿಗೇಡಿಗಳ ದಾಳಿಗೆ ಪಾಕಿಸ್ತಾನದ ಹಿಂದೂ ದೇವಾಲಯ ಸಂಪೂರ್ಣ ಧ್ವಂಸ,asianet,1,0,False Positive
ಬೆಳೆಹಾನಿ: ವಾಸ್ತವ ವರದಿ ಸಲ್ಲಿಸಿ ,prajavani,1,0,False Positive
"Sri Lanka Crisis ಪರಾರಿಯಾಗಲ್ಲ ಎಂದಿದ್ರು ಗೊಟಬಯ, ಸ್ಫೋಟಕ ಮಾಹಿತಿ ಬಿಚ್ಚಿಟ್ಟ ಜಯಸೂರ್ಯ",asianet,1,1,True Negative
 ಈ ಭಯಾನಕ ವಿಡಿಯೋ ಶಿವಮೊಗ್ಗದ ಸ್ಫೋಟದ್ದಲ್ಲ,oneindia,0,0,True Positive
"ದೇಶದಲ್ಲಿ 19,893 ಕೋವಿಡ್ ಹೊಸ ಪ್ರಕರಣ ಪತ್ತೆ: 53 ಜನರ ಸಾವು                              
                        ",prajavani,1,1,True Negative
28 ಪತ್ನಿಯರು 126 ಮೊಮ್ಮಕ್ಕಳ ಮುಂದೆ 37ನೇ ಮದುವೆಯಾದ ವ್ಯಕ್ತಿ,asianet,1,1,True Negative
ಪ್ರಧಾನಿ ಮೋದಿಯವರ ಪಕ್ಕದಲ್ಲಿ ಮಧ್ಯಪ್ರದೇಶ ಸಿಎಂ ಶಿವರಾಜ್‌ಸಿಂಗ್ ಚೌಹಾಣ್‌ ನಡೆಯುವುದನ್ನು ರಕ್ಷಣಾ ಸಿಬ್ಬಂದಿ ತಡೆದಿರುವುದನ್ನು ಈ ವಿಡಿಯೋ ತೋರಿಸುವುದಿಲ್ಲ,factly,0,1,False Negative
‘ಕೋವಿಶೀಲ್ಡ್ ವ್ಯಾಕ್ಸಿನ್ ಹಾಕಿಸಿಕೊಂಡ ವರ ಬೇಕಾಗಿದ್ದಾನೆ’- ಇದು ನಿಜವಾದ ಪ್ರಕಟಣೆಯಲ್ಲ,factly,0,0,True Positive
'ಬಿಜೆಪಿಯ ದ್ವೇಷಪೂರಿತ ಭಾಷಣಗಳಿಗೆ ದೇಶ ಏಕೆ ಕ್ಷಮೆ ಕೇಳಬೇಕು?': ತೆಲಂಗಾಣ ಸಚಿವ ಕೆ.ಟಿ.ಆರ್,asianet,1,1,True Negative
ರಾಮ ನನ್ನ ಆದರ್ಶ ಎಂದು ಅಜಂ ಖಾನ್ ಹೇಳಿಕೆಯ ಹಳೆಯ ವಿಡಿಯೊವನ್ನು ಇ‍ತೀಚಿನದ್ದು ಎಂದು ಹಂಚಿಕೆ,factly,0,0,True Positive
"Agnipath Protest ಭಾರತ್ ಬಂದ್‌ನಿಂದ 742 ರೈಲು ಸಂಚಾರ ರದ್ದು, ಟಿಕೆಟ್ ಹಣ ಹಿಂಪಡೆಯುವುದು ಹೇಗೆ?",asianet,1,1,True Negative
ಕಾಫಿ ನಾಡಲ್ಲಿ ಅಕ್ರಮ ಬಾಂಗ್ಲಾ ನಿವಾಸಿಗಳು ಪತ್ತೆ,asianet,1,1,True Negative
"ಸುಷ್ಮಾ ಸ್ವರಾಜ್ ಪುಣ್ಯತಿಥಿ, ವಿರೋಧಿಗಳೇ ತಲೆಬಾಗಿದ, ಭಾರತದ ಅತ್ಯಂತ ಪ್ರೀತಿಯ ರಾಜಕಾರಣಿಗೆ ಗೌರವ ನಮನ",asianet,1,1,True Negative
ಮೇಕೆದಾಟು ಯೋಜನೆ: ತಮಿಳುನಾಡಿಗೆ ತೀವ್ರ ಹಿನ್ನಡೆ,asianet,1,1,True Negative
"ವರಮಹಾಲಕ್ಷ್ಮೀ: ಖರೀದಿ ಜೋರು                              
                        ",prajavani,1,1,True Negative
 ಹಿಂದೂ ದೇವಸ್ಥಾನವನ್ನು ಮಸೀದಿಯನ್ನಾಗಿ ಮಾರ್ಪಾಡು ಮಾಡಿದ್ದು ನಿಜವೇ?,prajavani,0,0,True Positive
ದೊಡ್ಡಣ್ಣ ಅಳಿಯ ವೀರೇಂದ್ರಗೆ ಜೆಡಿಎಸ್‌ ವಿಧಾನಪರಿಷತ್‌ ಟಿಕೆಟ್‌?,asianet,1,1,True Negative
ತಮ್ಮ ಅಧಿಕಾರವಧಿಯಲ್ಲಿ ಕೋಮುಹಿಂಸಾಚಾರ ಮತ್ತು ಕೈಗೊಂಡ ಕ್ರಮಗಳ ದಾಖಲೆ ಬಿಚ್ಚಿಟ್ಟ ಸಿದ್ದು,asianet,1,0,False Positive
ತಾಯಿಯರಿಬ್ಬರ ಅಪೂರ್ವ ಸಮ್ಮಿಲನ... ಮನುಷ್ಯರಲ್ಲೂ ಇಲ್ಲದ ಅನುಬಂಧವಿದು: ವಿಡಿಯೋ,asianet,1,0,False Positive
"ನೌಕಾನೆಲೆಯಲ್ಲಿ 10 ಕಿ.ಮೀ ‘ಸ್ವಾತಂತ್ರ್ಯ ಓಟ’                              
                        ",prajavani,1,1,True Negative
ತ್ರಿಪುರಾ ಹಿಂಸಾಚಾರದ ಸಂದರ್ಭದಲ್ಲಿ ಜಿಹಾದ್​ಗೆ ಕರೆ ನೀಡುವ ಮಸೀದಿಯ ದೃಶ್ಯಗಳೆಂದು ಘಟನೆಗೆ ಸಂಬಂಧವಿಲ್ಲದ ಸಿರಿಯಾದ ಹಳೆಯ ವಿಡಿಯೊ ಹಂಚಿಕೆಯಾಗಿದೆ,factly,0,0,True Positive
ನಿಗದಿಗಿಂತ 6 ದಿನ ಮೊದಲೇ ಮುಂಗಾರು ಈಗ ದೇಶವ್ಯಾಪಿ,asianet,1,1,True Negative
 'ಕ್ಯಾನ್ಸಲ್' ಬಟನ್ ಒತ್ತಿದರೆ ಎಟಿಎಂ ಪಿನ್ ರಕ್ಷಿಸಬಹುದಾ?,oneindia,0,0,True Positive
‘ಹಿಂದೂ ದೇವಸ್ಥಾನ ಧ್ವಂಸಗೊಂಡಿದೆ’ ಎಂದು ಹಳೆಯ ಫೋಟೋಗಳನ್ನು ಹಂಚಿಕೊಳ್ಳಲಾಗುತ್ತಿದೆ.,factly,0,0,True Positive
"‘ಪಯಣ’ ಆಲ್ಬಮ್ ಸಾಂಗ್ ಬಿಡುಗಡೆ                              
                        ",prajavani,1,0,False Positive
"ಮಳೆಯಿಂದ ಅಡಿಕೆ ರಕ್ಷಣೆ: ಇಲ್ಲಿದೆ ಬ್ರಹ್ಮಾವರ ಕೃಷಿ ವಿಜ್ಞಾನ ಕೇಂದ್ರ ತಜ್ಞರ ಸಲಹೆ                              
                        ",prajavani,1,1,True Negative
"ಲೈಂಗಿಕ ಕ್ರಿಯೆ ವೇಳೆ ಜಗಳ, ಸಲಿಂಗಕಾಮಿಯ ಹತ್ಯೆ",asianet,1,1,True Negative
ಸಿಲಿಕಾನ್‌ ಸಿಟಿಯಲ್ಲಿ ಬೆಚ್ಚಿಬೀಳಿಸುವ ದಂಧೆ: ಬೆಂಗ್ಳೂರಿಂದಲೇ ನಡೆಯುತ್ತಿದೆಯಾ ಐಸಿಸ್ ನೇಮಕಾತಿ?,asianet,1,1,True Negative
ವೇಶ್ಯೆಯರ ಸಂಗಕ್ಕಾಗಿ ಸರ ಕದಿಯುತ್ತಿದ್ದ ಎಚ್‌ಐವಿ ಸೋಂಕಿತರ ಬಂಧನ,asianet,1,1,True Negative
"ಹೂವು, ಹಣ್ಣು ವ್ಯಾಪಾರಿಗಳ ಪ್ರತಿಭಟನೆ                              
                        ",prajavani,1,1,True Negative
ಚೀನಾದ ಪತ್ರಕರ್ತನನ್ನು ಮದುವೆಯಾಗಿದ್ದಾರಾ ಅಮೆರಿಕದ ನ್ಯಾನ್ಸಿ ಪೆಲೋಸಿ..?,asianet,1,1,True Negative
 ಅಂತರ್ಜಲ ಹೆಚ್ಚಿಸಲು ‘ಅಮೃತ ಸರೋವರ’,prajavani,0,1,False Negative
" ಜಯಾ ಪಕ್ಕ ನಿರ್ಮಲಾ ಸೀತಾರಾಮನ್, ಹಳೆ ಪೋಟೋದ ಹೊಸ ಕತೆ",asianet,0,1,False Negative
ಹಳೆಯ ಚಿತ್ರವನ್ನು ‘ಲಾಕ್‌ಡೌನ್ ಸಮಯದಲ್ಲಿ ಸೌಲಭ್ಯಗಳ ಕೊರತೆಯಿಂದಾಗಿ ಆತ್ಮಹತ್ಯೆ’ ಎಂದು ತಪ್ಪಾಗಿ ಹಂಚಿಕೊಳ್ಳಲಾಗಿದೆ,factly,0,0,True Positive
12 ವರ್ಷ ಮೇಲಿನ ಮಕ್ಕಳಿಗೆ ಕೋವ್ಯಾಕ್ಸಿನ್ ಪಡೆಯಲು ಅನುಮತಿ? ಇದು ನಿಜಾನಾ?,asianet,0,0,True Positive
"Covid India Update| 24 ಗಂಟೆಗಳಲ್ಲಿ 20,551 ಪ್ರಕರಣ, 70 ಸಾವು                              
                        ",prajavani,1,1,True Negative
 ಭಾರತದಲ್ಲಿ ಕೊರೊನಾ ಲಸಿಕೆ ಇಲ್ಲಿ ಸಿಗುತ್ತದೆ?,asianet,0,0,True Positive
 Kodaguನಲ್ಲಿ ಗಾಂಜಾ ಮಾರಾಟಕ್ಕೆ ಯತ್ನಿಸುತಿದ್ದ ಐವರ ಬಂಧನ,asianet,1,1,True Negative
ಶೂಟರ್ ಶ್ರೇಯಾಸಿ ಸಿಂಗ್‌ ರನ್ನು ಕಾಂಗ್ರೆಸ್ ನಾಯಕ ದಿಗ್ವಿಜಯ ಸಿಂಗ್ ಪುತ್ರಿ ಎಂದು ತಪ್ಪಾಗಿ ಚಿತ್ರಿಸಲಾಗಿದೆ,factly,0,0,True Positive
Crime News: ಆಸ್ತಿಗಾಗಿ ಪ್ರಿಯಕರನೊಂದಿಗೆ ಸೇರಿ ಹೆತ್ತವರನ್ನೇ ಕೊಂದ ಮಗಳು,asianet,1,1,True Negative
"ಕುಟುಂಬ ಪಿಂಚಣಿ ಹೆಚ್ಚಳಕ್ಕೆ ಒತ್ತಾಯ                              
                        ",prajavani,1,1,True Negative
ಉದ್ಯಮಿ ಆದಿಕೇಶವಲು ಮಗ ಶ್ರೀನಿವಾಸ್‌ ಬಂಧಿಸಿದ ಎನ್‌ಸಿಬಿ,asianet,1,1,True Negative
"AIIMS ತಲುಪಿದ ಲಾಲೂ ಆರೋಗ್ಯ ಮತ್ತಷ್ಟು ಗಂಭೀರ, ದೇಹದಲ್ಲಿ ಯಾವುದೇ ಚಲನೆ ಇಲ್ಲ",asianet,1,0,False Positive
ಹಳೆಯ ಪ್ರತಿಭಟನಾ ವೀಡಿಯೊವನ್ನು ‘ಇಂದು ಹಳೆಯ ನಗರದಲ್ಲಿನ (ಹೈದರಾಬಾದ್) ಪರಿಸ್ಥಿತಿ’ ಎಂದು ತಪ್ಪಾಗಿ ಹಂಚಿಕೊಳ್ಳಲಾಗಿದೆ,factly,0,0,True Positive
 CRPF 2011 vs 2021,asianet,0,1,False Negative
ಚಿಕಿತ್ಸೆ ಫಲಕಾರಿಯಾಗದೇ ಜಪಾನ್‌ ಮಾಜಿ ಪ್ರಧಾನಿ ಶಿಂಜೋ ಅಬೆ ನಿಧನ,asianet,1,1,True Negative
ಬೆಲೆ ಏರಿಕೆ ವಿರುದ್ಧ ಕಾಂಗ್ರೆಸ್ ಪ್ರತಿಭಟನೆ; ಕಾಂಗ್ರೆಸ್ ನಾಯಕರು ಪೊಲೀಸರ ವಶಕ್ಕೆ,asianet,1,1,True Negative
ತನಿಷ್ಕ ಆಭರಣದ ಅಂಗಡಿ ಮೇಲೆ ದಾಳಿ; NDTV ಜಾತಕ ಬಿಚ್ಚಿಟ್ಟ ನೆಟ್ಟಿಗರು,asianet,0,1,False Negative
 ಭಾರತ ಮೂಲದ ವ್ಯಕ್ತಿ ಬೈಡನ್ ರಾಜಕೀಯ ಸಲಹೆಗಾರ,oneindia,0,1,False Negative
"EPFO | ಪಿಂಚಣಿ ಖಾತೆದಾರರ ಮಾಹಿತಿ ಸೋರಿಕೆ: ಎಚ್ಚರಿಕೆ ನೀಡಿದ ಭದ್ರತಾ ಸಂಶೋಧಕ                              
                        ",prajavani,1,1,True Negative
DHFL Scam; ದೇಶದ ಅತಿದೊಡ್ಡ ಬ್ಯಾಂಕ್‌ ವಂಚನೆ ಆರೋಪಿ ಮನೆಯಲ್ಲಿ ಅಗಸ್ಟಾಹೆಲಿಕಾಪ್ಟರ್‌ ಸಿಬಿಐ ವಶಕ್ಕೆ,asianet,1,1,True Negative
"ವಿವಿಧ ಅಕಾಡೆಮಿಗಳಿಗೆ ಸದಸ್ಯರ ನೇಮಕ                              
                        ",prajavani,1,1,True Negative
ಸೋನಿಯಾ ಗಾಂಧಿಯೊಂದಿಗೆ ಇರುವುದು ನ್ಯಾಯಮೂರ್ತಿ ಕೆ.ಜಿ. ಬಾಲಕೃಷ್ಣನ್ ಹೊರತು ಜೆ.ಬಿ.ಪರ್ದಿವಾಲಾ ಅಲ್ಲ,factly,0,0,True Positive
ಎನ್‌ಜಿಒ ಕಾರ್ಯಕರ್ತೆಗೆ ಶುಭಾಶಯ ಕೋರುತ್ತಿರುವ ಪ್ರಧಾನಿ ಮೋದಿಯ ಚಿತ್ರವನ್ನು ಅದಾನಿ ಪತ್ನಿಗೆ ನಮಿಸುತ್ತಿದ್ದಾರೆ ಎಂದು ಹಂಚಿಕೊಳ್ಳಲಾಗಿದೆ,factly,0,0,True Positive
ಈ ಏರ್‌ಪೋರ್ಟ್‌ನಲ್ಲಿ ನೀವಿನ್ನು ಸಂಸ್ಕೃತದಲ್ಲೂ ಅನೌನ್ಸ್‌ಮೆಂಟ್ ಕೇಳ್ಬಹುದು,asianet,1,0,False Positive
 ನೈನಿತಾಲ್‌ನ ನಕಲಿ ಫೋಟೋ ಹಂಚಿಕೆ ,oneindia,0,0,True Positive
" ಯುಪಿಎ ಸರ್ಕಾರದ ವೇಳೆ ಭಾರತಕ್ಕೆ ಭೇಟಿ, ISI ಪರ ಬೇಹುಗಾರಿಕೆ ಮಾಡಿದ್ದೆ ಎಂದ ಪಾಕ್‌ ಪತ್ರಕರ್ತ",asianet,1,1,True Negative
"Texas Shooting: ಮೊದಲು ತನ್ನ ಅಜ್ಜಿಗೆ ಗುಂಡಿಕ್ಕಿದ ದಾಳಿಕೋರ, ನಂತರ ಶಾಲೆಗೆ ತೆರಳಿ ಗುಂಡಿನ ಮಳೆಗೆರೆದಿದ್ದ",asianet,1,1,True Negative
 ಗಣರಾಜ್ಯೋತ್ಸವ ಆಚರಿಸದ ಮದರಸಾಗಳು ಬಂದ್ ಎಂದು ಸಿಎಂ ಯೋಗಿ ಹೇಳಿದ್ದು ನಿಜವೇ? ,oneindia,0,0,True Positive
"ಜಲಾಶಯ ತುಂಬಿದಲ್ಲಿ ಪ್ರವಾಹ ಸಾಧ್ಯತೆ                              
                        ",prajavani,1,1,True Negative
"Bharat Jodo Yatra: ಕರ್ನಾಟಕದಲ್ಲಿ ರಾಹುಲ್‌ ಗಾಂಧಿ 22 ದಿನ, 510 ಕಿಮೀ ನಡಿಗೆ",asianet,1,1,True Negative
 ಈಜಿಪ್ಟ್‌ನಿಂದ ರಕ್ಷಿತ ವಿದೇಶಿಯರ ಈ ಕಥೆ ಕಾಲ್ಪನಿಕ,oneindia,0,1,False Negative
6 ಕೋಟಿಗೂ ಅಧಿಕ ಬೆಲೆಗೆ ಹರಾಜಾದ ಮುತ್ತಿನ ನೆಕ್ಲೇಸ್: ಅಷ್ಟಕ್ಕೂ ಅಂಥದ್ದೇನಿದೆ ಇದರಲ್ಲಿ?,asianet,1,1,True Negative
"ವಿಡಿಯೋದಲ್ಲಿ ಬೆಂಕಿ ಹಚ್ಚಿಕೊಂಡ ವ್ಯಕ್ತಿ ಮಂಗೋಲಿಯನ್ ಕಲ್ಲಿದ್ದಲು ಗಣಿ ಒಕ್ಕೂಟದ ಹೋರಾಟಗಾರರೆ ಹೊರತು, ಮಂಗೋಲಿಯನ್ ಮಂತ್ರಿ ಅಲ್ಲ",factly,0,0,True Positive
ಲೈಂಗಿಕ ದೌರ್ಜನ್ಯ:  ಮಲಯಾಳಂ ನಟ ವಿಜಯ್ ಬಾಬು ಬಂಧನ,asianet,1,1,True Negative
"Covid 19 cases ಭಾರತದಲ್ಲಿ ಕೊರೋನಾ 4ನೇ ಅಲೆ ಭೀತಿ, 2,828 ಹೊಸ ಪ್ರಕರಣ ಪತ್ತೆ",asianet,1,1,True Negative
"ಕರೀನಾ ಪ್ರೆಗ್ನೆನ್ಸಿ ಬೈಬಲ್‌ಗೆ ವಿರೋಧ: ಸರ್ಕಾರದ ಮೂಲಕ ದೂರು ದಾಖಲಿಸಿ- ಹೈಕೋರ್ಟ್                              
                        ",prajavani,1,1,True Negative
ವಿಶ್ವಕರ್ಮ ಸಮಾಜ ಎಸ್‌ಟಿಗೆ ಸೇರಿಸಿ ,prajavani,1,0,False Positive
ನಾನು ಸಾಂಸ್ಕೃತಿಕವಾಗಿ ಮುಸ್ಲಿಂ ಮತ್ತು ಆಕಸ್ಮಿಕವಾಗಿ ಹಿಂದೂ ಆಗಿ ಹುಟ್ಟಿದ್ದೇನೆ ಎಂದು ನೆಹರೂ ಹೇಳಿಲ್ಲ,factly,0,0,True Positive
ಪ್ರಯಾಗರಾಜ್ ನಗರದಲ್ಲಿ ಹಿಂದೂ ದೇವತೆಗಳ ಚಿತ್ರಗಳನ್ನು ಬಿಡಿಸಿದ ಮನೆಗಳು ಮತ್ತು ಸೇತುವೆಯ ಕಂಬಗಳ ಛಾಯಾಚಿತ್ರಗಳನ್ನು ಅಯೋಧ್ಯೆಯದ್ದು ಎಂದು ತಪ್ಪಾಗಿ ಹಂಚಿಕೊಳ್ಳಲಾಗಿದೆ,factly,0,0,True Positive
"ವೃದ್ಧ ತಂದೆ, ತಾಯಿಯನ್ನು ಹೆಗಲ ಮೇಲೆ ಹೊತ್ತು ತೀರ್ಥಯಾತ್ರೆಗೆ ಹೊರಟ ವ್ಯಕ್ತಿ – ವೀಡಿಯೋ ವೈರಲ್",publictv,1,0,False Positive
" ಮುಂಬೈ ಮುಂಗಾರಿನಿಂದ ಅಪಘಾತ, ಇದು ನಿಜವೇ? ",oneindia,0,0,True Positive
 ದೇವರನಾಡು ಕೇರಳದಲ್ಲಿ ಈ ಸ್ಥಳಗಳನ್ನು ಮಿಸ್ ಮಾಡ್ದೇ ನೋಡಿ!,news18,1,1,True Negative
 ಕಾಶ್ಮೀರ್ ಫೈಲ್ಸ್ ಎಫೆಕ್ಟ್,oneindia,0,0,True Positive
"ಡಾರ್ನಿಯರ್‌ 228: ಕಣ್ಗಾವಲು ಕಾರ್ಯಾಚರಣೆ; ಇತಿಹಾಸ ಬರೆದ ನೌಕಾಪಡೆಯ ವನಿತೆಯರು                              
                        ",prajavani,1,0,False Positive
 ನಿಮ್ಮ ಫಾಸ್ಟ್‌ಟ್ಯಾಗ್‌ನಿಂದ ಹಣ ಕಳ್ಳತನ ,oneindia,0,1,False Negative
 ಕೊರೋನಾ ವೈರಸ್‌ ಜೀವಿ​ತಾ​ವಧಿ 12 ಗಂಟೆ ನಿಜ​ವೇ?,asianet,0,0,True Positive
"  ಸಾಲ ಮಾಡಿ ತೆಗೆದುಕೊಂಡಿದ್ದ ರಿಕ್ಷಾ ಅಧಿಕಾರಿಗಳ ವಶ, ಬಡವರಿಗಿದು ಕಾಲವಲ್ಲ",asianet,0,1,False Negative
Buddha purnima 2022 ಬುದ್ಧ ಪೂರ್ಣಿಮೆಯಲ್ಲಿ ಭಾಗಿಯಾಗಲು ಇಂದು ಪ್ರಧಾನಿ ಮೋದಿ ನೇಪಾಳಕ್ಕೆ,asianet,1,1,True Negative
 ಹತ್ರಾಸ್ ಆರೋಪಿ ತಂದೆ ಜತೆ ಮೋದಿ ಕಾಣಿಸಿಕೊಂಡ್ರಾ?,asianet,0,0,True Positive
ಹಿಂದಿ ಸೈನ್‌ಬೋರ್ಡ್‌ಗಳಿಗೆ ಮಸಿ ಬಳಿಯುವ ಸಿಖ್ ಕಾರ್ಯಕರ್ತರ 2017 ರ ಚಿತ್ರಗಳನ್ನು ಹಾಲಿ ರೈತರ ಪ್ರತಿಭಟನೆಗೆ ತಪ್ಪಾಗಿ ಲಿಂಕ್ ಮಾಡಲಾಗಿದೆ,factly,0,0,True Positive
ಎಲ್ಲೋ ಹುಟ್ಟಿ ಎಲ್ಲೋ ಬೆಳೆದು... 20 ವರ್ಷಗಳ ಬಳಿಕ ಅಮ್ಮ ಮಗನ ಭಾವುಕ ಪುನರ್ಮಿಲನ,asianet,1,1,True Negative
ಯೂಟ್ಯೂಬ್‌ ಚಾನೆಲ್‌ಗೆ ಜಾಸ್ತಿ ಸಬ್‌ಸ್ಕ್ರೈಬರ್ ಇಲ್ಲ ಅಂತ ಐಐಟಿ ಸ್ಟೂಡೆಂಟ್‌ ಸುಸೈಡ್ ,asianet,1,1,True Negative
ಯುವಕನ ಕೈಗೆ ಮಗು ಕೊಟ್ಟು ಮಹಿಳೆ ಪರಾರಿ ಕೇಸಿಗೆ ಟ್ವಿಸ್ಟ್​​:  ಲವ್ವಿಡವ್ವಿಗೆ ಮಾಡಿದ ನಾಟಕ ಅಬ್ಬಬ್ಬಾ...,asianet,1,1,True Negative
"ಲಾನ್‌ ಬಾಲ್ಸ್‌: ಪುರುಷರ ತಂಡಕ್ಕೆ ಬೆಳ್ಳಿ                              
                        ",prajavani,1,1,True Negative
ಒಟ್ಟಿಗೆ ಓದಿದ್ರೂ ಅತ್ಯಾಚಾರ ಮಾಡಲು ಸಹಾಯ- ಕೃತ್ಯದ ವೀಡಿಯೋ ಅತ್ತೆಗೆ ಕಳಿಸಿದ ಕಿರಾತಕರು,publictv,1,1,True Negative
"ಮಂಕಿಪಾಕ್ಸ್‌: ಅಮೆರಿಕದಲ್ಲಿ ಆರೋಗ್ಯ ತುರ್ತುಸ್ಥಿತಿ ಘೋಷಣೆಗೆ ಸಿದ್ಧತೆ                              
                        ",prajavani,1,1,True Negative
ದಿ ಕಾಶ್ಮೀರ್ ಫೈಲ್ಸ್ ಸಿನಿಮಾ ನೋಡುವಾಗ ಯುಪಿ ಸಿಎಂ ಯೋಗಿ ಆದಿತ್ಯನಾಥ್ ಕಣ್ಣೀರು ಹಾಕಿದರು ಎಂದು ಹಳೆಯ ವಿಡಿಯೋ ಹಂಚಿಕೊಳ್ಳಲಾಗುತ್ತಿದೆ,factly,0,0,True Positive
ಬುಕ್ ಸ್ಟಾಲ್ ನಲ್ಲಿ ಡ್ರಗ್ಸ್ ಮಾರುತ್ತಿದ್ದವರ ಬಂಧನ,asianet,1,1,True Negative
 T20ಯಲ್ಲಿ ಭಾರತದ ಸೋಲು ಸಹಿಸದ ಯುವಕನಿಂದ ಟಿವಿ ಧ್ವಂಸ?,oneindia,0,1,False Negative
"ಆಲಮಟ್ಟಿ: ಯುವಜನ ಸಂಕಲ್ಪ ಯಾತ್ರೆಯ ವೈಭವ                              
                        ",prajavani,1,1,True Negative
ಜಿಂಕೆ ಮರಿಯನ್ನು ರಕ್ಷಿಸುತ್ತಿರುವ ಬಾಂಗ್ಲಾದೇಶಿ ಹುಡುಗನ ಚಿತ್ರಗಳನ್ನು ಅಸ್ಸಾಂನ ಬಾಹುಬಲಿ ಎಂದು ಬಣ್ಣಿಸಲಾಗಿದೆ,factly,0,0,True Positive
"ಮನಸ್ಸಿನ ಶುಚಿಗೆ ಪ್ರವಚನ ಕೇಳಿ: ಸಿದ್ದರಾಮ ಸ್ವಾಮೀಜಿ                              
                        ",prajavani,1,1,True Negative
"ಬೊಳುವಾರು: ಮಹಡಿಯಿಂದ ಬಿದ್ದು 9ನೇ ತರಗತಿ ವಿದ್ಯಾರ್ಥಿ ಸಾವು                              
                        ",prajavani,1,1,True Negative
ಸರ್ಕಾರಿ ಉದ್ಯೋಗ ಕೊಡಿಸುವುದಾಗಿ 1.53 ಕೋಟಿ ವಂಚನೆ: ಇಬ್ಬರ ಬಂಧನ,asianet,1,1,True Negative
Corona Crisis: ಮತ್ತೆ 1000 ದಾಟಿದ ಕೇಸ್‌: 4% ಪಾಸಿಟಿವಿಟಿ,asianet,1,1,True Negative
 ವಿಶ್ವಸಂಸ್ಥೆಯ ವಾಹನದ ಮೇಲೆ ಭಾರತೀಯ ಸೈನಿಕರಿಂದ ದಾಳಿ? ,oneindia,0,0,True Positive
National Anthem ಯುಪಿ ಬಳಿಕ ಮಧ್ಯ ಪ್ರದೇಶ ಮದರಸಾದಲ್ಲೂ ರಾಷ್ಟ್ರಗೀತ ಕಡ್ಡಾಯಕ್ಕೆ ಚಿಂತನೆ,asianet,1,1,True Negative
" ಯೋಗ ಮಾಡ್ತಿರೋ ಮೋದಿ, ಅಪರೂಪದ ವಿಡಿಯೋ ವೈರಲ್?",asianet,0,1,False Negative
ಮಾಮು ಟೀ ಅಂಗಡಿ ಚಿತ್ರದ ಪ್ರೊಡ್ಯೂಸರ್ ಇಲ್ಲಿ ವಿಲನ್: ಆ ಫಿಲಂನ ಹಿರೋ ಈ ಮರ್ಡರ್‌ ಮಿಸ್ಟರಿಯಲ್ಲಿ ಆರೋಪಿ,asianet,1,1,True Negative
"ವಿಶೇಷ ಕುಶಲಿಗಳ ಕೈಚಳಕ                              
                        ",prajavani,1,0,False Positive
ಅಜೆರ್ಬೈಜಾನ್‌ನ ಹಳೆಯ ಮತ್ತು ಸಂಬಂಧವಿಲ್ಲದ ವೀಡಿಯೊವನ್ನು ‘ಪೊಲೀಸರು ಸ್ಪೇನ್‌ನಲ್ಲಿ ಲಾಕ್‌ಡೌನ್ ಜಾರಿಗೊಳಿಸುತ್ತಿದ್ದಾರೆ’ ಎಂದು ಹಂಚಿಕೊಂಡಿದ್ದಾರೆ,factly,0,0,True Positive
"ತಿಂಗಳ ಸಂಬಳ ನೀಡಿದ ಪೊಲೀಸರು                              
                        ",prajavani,1,1,True Negative
"340 ರೂಮ್ಸ್..2.5 KM ಉದ್ದದ ಕಾರಿಡಾರ್, ರಾಷ್ಟ್ರಪತಿ ಮನೆ ಹೀಗಿದೆ ",asianet,1,1,True Negative
"ಹೈಸ್ಕೂಲ್ ಪಠ್ಯದಲ್ಲಿ ಸಿದ್ಧಾರೂಢರ ಜಾತ್ರೆಯ ವೈಶಿಷ್ಟ್ಯ, ವೈರಲ್ ಸುದ್ದಿ ನಿಜಾವೋ ಸುಳ್ಳೋ..?",asianet,0,0,True Positive
"ಅಮೆರಿಕ: ಇಂಡಿಯಾನದಲ್ಲಿ ಗರ್ಭಪಾತ ನಿಷೇಧ                              
                        ",prajavani,1,0,False Positive
ಅಂಬಾನಿ ಮೊಮ್ಮಗನನ್ನು ನೋಡಲು ಆಸ್ಪತ್ರೆಗೆ ಭೇಟಿ ನೀಡಿದ ಪ್ರಧಾನಿ ಮೋದಿ ಎಂದು 2014ರ ಚಿತ್ರವನ್ನು ತಪ್ಪಾಗಿ ಹಂಚಿಕೊಳ್ಳಲಾಗಿದೆ,factly,0,0,True Positive
ಕತ್ರಿಗುಪ್ಪೆಯಲ್ಲಿ ಭೀಕರ ಅಪಘಾತ: ವಿಡಿಯೋ ವೈರಲ್,asianet,1,1,True Negative
"10 ವರ್ಷಗಳಿಂದ ಜೈಲಿನಲ್ಲಿರುವ ಕೈದಿಗಳ ಬಿಡುಗಡೆಗೆ ಸುಪ್ರೀಂ ಕೋರ್ಟ್‌ ಸಲಹೆ                              
                        ",prajavani,1,1,True Negative
"ಕಾಂಗ್ರೆಸ್‌ನ ‘ಒಂದು ಕುಟುಂಬ, ಒಂದು ಟಿಕೆಟ್‌’ ಈ ಪ್ರಮುಖ ಐವರಿಗೆ ಅನ್ವಯವಾಗಲ್ಲ",asianet,1,1,True Negative
"ಮಗನ ಹೆಂಡತಿಗೆ ಮಾವನಿಂದ ಅಶ್ಲೀಲ ಮೆಸೇಜ್, ಕಿರುಕುಳಕ್ಕೆ ಪ್ರಾಣಬಿಟ್ಟ ಸೊಸೆ",asianet,1,1,True Negative
 ಉದ್ದಿಮೆ ಆರಂಭಿಸಲು ಪಿಎಂ ಮುದ್ರಾ ಯೋಜನೆ ಅಡಿ ₹ 10 ಲಕ್ಷ ಸಾಲ?,prajavani,0,1,False Negative
 ಸಂಧಿವಾತ ಕಾಯಿಲೆಯಿಂದ ಬಳಲುತ್ತಿದ್ದಾರೆ ಕಿರುತೆರೆ ನಟಿ!,news18,1,1,True Negative
 ಬೆಂಗಳೂರಿನಿಂದ ತಿರುಪತಿಗೆ ಕೆಎಸ್​ಆರ್​ಟಿಸಿ ಭರ್ಜರಿ ಆಫರ್!,news18,1,1,True Negative
  ಆಸ್ಪತ್ರೆಗೆ ದಾಖಲಾಗಿದ್ದ ಪಂಜಾಬ್ ಸಿಎಂ ಭಗವಂತ್ ಮಾನ್ ಹಳೆಯ ಚಿತ್ರ ಮತ್ತೆ ವೈರಲ್ ,asianet,0,0,True Positive
"ಭರ್ತಿಯತ್ತ ಲಿಂಗನಮಕ್ಕಿ ಜಲಾಶಯ                              
                        ",prajavani,1,0,False Positive
"ಆಕಾಶ ಏರ್ ಕಂಪನಿಯ ಮೊದಲ ವಿಮಾನ ಹಾರಾಟ: ಸಚಿವ ಜ್ಯೋತಿರಾದಿತ್ಯ ಸಿಂಧಿಯಾ ಚಾಲನೆ                              
                        ",prajavani,1,1,True Negative
 ಕಾಶ್ಮೀರದಲ್ಲಿ ಕಲ್ಲು ತೂರಾಟದ ಫೋಟೋ ಹೋಲಿಸಿದ್ದು ಈ ಘಟನೆಗೆ ,oneindia,0,0,True Positive
ರೋಹಿತ್ ಚಕ್ರತೀರ್ಥ ವಿರುದ್ಧ ಕ್ರಮ: ಕುವೆಂಪು ಪ್ರತಿಷ್ಠಾನದ ಅಧ್ಯಕ್ಷ ಹಂಪನಾ ರಾಜೀನಾಮೆ,asianet,1,1,True Negative
ಹಳೆಯ ಮತ್ತು ಸಂಬಂಧವಿಲ್ಲದ ಫೋಟೋವನ್ನು ‘ಲಾಕ್‌ಡೌನ್ ಸಮಯದಲ್ಲಿ ಹಸಿವಿನಿಂದ ಕುಟುಂಬ ಆತ್ಮಹತ್ಯೆ ಮಾಡಿಕೊಂಡಿದೆ’ ಎಂದು ತಪ್ಪಾಗಿ ಹಂಚಿಕೊಳ್ಳಲಾಗಿದೆ,factly,0,0,True Positive
"ಬೀದರ್: ಬೀಗಿದ ಬೀಟ್‌ರೂಟ್‌, ಹಿಗ್ಗಿದ ಹಿರೇಕಾಯಿ                              
                        ",prajavani,1,1,True Negative
ಕಲಬುರಗಿ ಪಾಲಿಕೆ ಆಯುಕ್ತ ಶಂಕ್ರಣ್ಣ ವಣಕ್ಯಾಳ 4 ದಿನ ನ್ಯಾಯಾಂಗ ವಶಕ್ಕೆ,asianet,1,1,True Negative
"1,472 ಐಎಎಸ್‌, 864 ಐಪಿಎಸ್‌ ಹುದ್ದೆಗಳು ಖಾಲಿ: ಜಿತೇಂದರ್ ಸಿಂಗ್‌                              
                        ",prajavani,1,1,True Negative
"ಸೇನೆಗೆ ಪುಂಡರ ಅಗತ್ಯವಿಲ್ಲ, ರೈಲನ್ನು ಸುಡುವ ವ್ಯಕ್ತಿಗಳು ಆರ್ಮಿಗೆ ಸೂಕ್ತರಲ್ಲ ಎಂದ ಮಾಜಿ ಸೇನಾಧಿಕಾರಿ",asianet,1,1,True Negative
ಮಾಂಸ ನೋಡಿ ಟಿವಿ ಸ್ಕ್ರಿನ್ ನೆಕ್ಕಲು ಶುರು ಮಾಡಿದ ಶ್ವಾನ : ವಿಡಿಯೋ ವೈರಲ್,asianet,1,1,True Negative
 ಕೋವಿಡ್ ರೋಗಿಗಳಿಗೆ ಐಸಿಎಂಆರ್‌ನಿಂದ ಐವರ್ಮೆಕ್ಟಿನ್ ಶಿಫಾರಸು?,oneindia,0,0,True Positive
"ಕಾಯ್ದೆ ತಿದ್ದುಪಡಿ: ಹಿಂಪಡೆಯಲು ಆಗ್ರಹ                              
                        ",prajavani,1,1,True Negative
ಕರಾಚಿ (ಪಾಕಿಸ್ತಾನ) ಯ ಹಳೆಯ ವೀಡಿಯೊವನ್ನು ಬೆಂಗಳೂರಿನಲ್ಲಿ ಮಹಿಳೆಯರು ಸಂಪರ್ಕತಡೆಯ ಕೇಂದ್ರದಿoದ ತಪ್ಪಿಸಿಕೊಳ್ಳುತ್ತಿರುವುದು ಎಂದು ತಪ್ಪಾಗಿ ಹಂಚಿಕೊಳ್ಳಲಾಗುತ್ತಿದೆ,factly,0,0,True Positive
ಪ್ರಧಾನಿ ಮೋದಿ ಕುಡಿದಿದ್ದಾರೆ ಎಂದು ತಪ್ಪಾಗಿ ಬಿಂಬಿಸಲಾಗಿದೆ,factly,0,0,True Positive
Hubli Crime News: ಕಾರ್ಪೋರೆಟರ್ ಹತ್ಯೆಗೆ ಪತಿಯಿಂದಲೇ ಯತ್ನ: ದೂರು ದಾಖಲು,asianet,1,1,True Negative
"Gold and Silver Price: ಇಂದಿನ ಚಿನ್ನ, ಬೆಳ್ಳಿ ದರವೆಷ್ಟು? ಇಲ್ಲಿದೆ ರೇಟ್‌",asianet,1,1,True Negative
"Tirumala Tirupati ತಿರುಪತಿ ವೆಂಕಟೇಶ್ವರನಿಗೆ 10 ಕೋಟಿ ರೂ ದೇಣಿಗೆ, ಹೊಸ ದಾಖಲೆ ನಿರ್ಮಾಣ",asianet,1,0,False Positive
 ಈಗ ಕಪಿಲ್ ದೇವ್ ಸರದಿ,oneindia,0,0,True Positive
 ಹರ್ಷ ಹತ್ಯೆಗೆ ಕಾರಣ ಏನು? ಸಾವಿನ ಮನೆಯಲ್ಲಿ ಸುಳ್ಳಿನ ಮೆರವಣಿಗೆ,oneindia,0,1,False Negative
"ಶಿವಮೊಗ್ಗ: ಬೀದಿ ಬದಿಯಲ್ಲಿನ ವ್ಯಾಪಾರವೂ ಇನ್ನು ‘ಸ್ಮಾರ್ಟ್’                              
                        ",prajavani,1,1,True Negative
ರಮೇಶ್‌ ಜಾರಕಿಹೊಳಿಯಿಂದ 819 ಕೋಟಿ ವಂಚನೆ: ಕಾಂಗ್ರೆಸ್‌ ಆರೋಪ,asianet,1,1,True Negative
"ಹೊಲದಲ್ಲಿ ಪೋರ್ನ್ ವಿಡಿಯೋ ತೋರಿಸಿ ಲೈಂಗಿಕ ದೌರ್ಜನ್ಯ, 8 ವರ್ಷದ ಬಾಲಕಿ ಬಾಯ್ಬಿಟ್ಟ ಕಹಿ ಸತ್ಯ",asianet,1,1,True Negative
 ಮರ ಉಳಿಸಲು ರಸ್ತೆ ಪಥವನ್ನೇ ಬದಲಿಸಿದ ಗುತ್ತಿಗೆದಾರ? ವೈರಲ್‌ ಫೋಟೋ ಸತ್ಯಾಸತ್ಯತೆ ಏನು?,asianet,0,0,True Positive
"ಭಾರತದ ಉದ್ಯಮಿ ಮೇಲೆ ಅಮೆರಿಕದಲ್ಲಿ ಗುಂಡಿನ ದಾಳಿ, ಸ್ಥಳದಲ್ಲೇ ಸಾವು",asianet,1,1,True Negative
Friday Files: ದೇಶಾದ್ಯಂತ ಏಕಕಾಲಕ್ಕೆ ಪ್ರೊಟೆಸ್ಟ್: ಶುಕ್ರ“ವಾರ್”ಗೆ ಮೊದಲೇ ಮುಹೂರ್ತ ಫಿಕ್ಸ್?,asianet,1,1,True Negative
"ಛಿಂದವಾರದ ವಿಕ್ರಮ್ ಅಹಕೆ ಅತೀ ಕಿರಿಯ, ಬಡ ಮೇಯರ್ ",asianet,1,1,True Negative
ಪಶ್ಚಿಮ ಬಂಗಾಳದಲ್ಲಿ ಹಲ್ಲೆಗೊಳಗಾದ ಬಿಜೆಪಿ ಪಕ್ಷದ ಕಾರ್ಯಕರ್ತನನ್ನು ಕೇಂದ್ರ ಆರೋಗ್ಯ ಸಚಿವ ಹರ್ಷ ವರ್ಧನ್ ಎಂದು ತಪ್ಪಾಗಿ ಬಿಂಬಿಸಲಾಗುತ್ತಿದೆ,factly,0,0,True Positive
-ಕಮಿಷನರ್ ಕಚೇರಿ ಮುಂದೇನೆ ಕಾರ್‌ನಲ್ಲಿದ್ದ ಹಣ ಎಗರಿಸಿದ ಖದೀಮರು,asianet,1,1,True Negative
 ಮುಸ್ಲಿಂ ಮಹಿಳೆಯರು ಮಸೀದಿಯಲ್ಲಿ ರಾಮ ಭಜನೆ ಹಾಡಿದ್ರಾ? ಮತ್ತೆ ವೈರಲ್‌ ಆಯ್ತು ಹಳೆ ವಿಡಿಯೋ,asianet,0,0,True Positive
ಟಿ.ವಿ. ವಾಹಿನಿ ಸಂಪಾದಕ ಮಾತನಾಡಿದ್ದನ್ನು ಕಾಂಗ್ರೆಸ್ ವಕ್ತಾರ ಮೋದಿ ಹೊಗಳಿದ್ದಾರೆಂದು ತಪ್ಪಾಗಿ ಹಂಚಿಕೊಳ್ಳಲಾಗಿದೆ,factly,0,0,True Positive
"ರಾಜ್ಯಕ್ಕೂ ವ್ಯಾಪಿಸಿದ ‘ಅಗ್ನಿಪಥ’ ಕಿಚ್ಚು, ಏರಿತು ವಯೋಮಿತಿ ಸಶಸ್ತ್ರ ಪಡೆಯಲ್ಲಿ ಮೀಸಲಾತಿ",asianet,1,1,True Negative
"ಈ ವೀಡಿಯೊ ವುಹಾನ್ (ಚೀನಾ) ನಲ್ಲಿ ಅಲ್ಲ, ಲ್ಯಾಂಗೋವಾನ್ (ಇಂಡೋನೇಷ್ಯಾ) ನ ಮಾರುಕಟ್ಟೆಯನ್ನು ತೋರಿಸುತ್ತದೆ.",factly,0,0,True Positive
 ಚೌಕಿದಾರ್‌ ಚೋರ್‌ ಎಂದು ಮೋದಿಗೆ ಸ್ವಾಗತ,asianet,0,0,True Positive
Crime News ; ಮಾಜಿ ಪ್ರೇಯಸಿ ಮನೆ ಬಳಿ ಗಲಾಟೆ ಮಾಡಿದ್ದವನ ಕೊಲೆ,asianet,1,1,True Negative
 ಮನೆ ಮನೆಗೆ ನಲ್ಲಿ,prajavani,0,1,False Negative
ರಾಜ್ಯಸಭೆ ಚುನಾವಣೆ: ಹರ್ಯಾಣದಲ್ಲಿ ಗೆಲ್ಲುವ ಚಾನ್ಸ್‌ ಇದ್ದರೂ ಸೋತ ಕಾಂಗ್ರೆಸ್‌,asianet,1,1,True Negative
"ಬಿಜೆಪಿ ಮುಖಂಡನ ಸಾವು, ಇಬ್ಬರು ಮಹಿಳೆಯರು, ಹತ್ತಾರು ಅನುಮಾನ",asianet,1,1,True Negative
"ಎಲ್ಲೆಡೆ ವರಮಹಾಲಕ್ಷ್ಮೀ ಹಬ್ಬದ ಸಂಭ್ರಮ                              
                        ",prajavani,1,1,True Negative
 ಆ ಚಿತ್ರ ಪಶ್ಚಿಮ ಬಂಗಾಳದ್ದೋ? ಪಾಕಿಸ್ತಾನದ್ದೋ?,prajavani,0,0,True Positive
 ಮತದಾನ ಮಾಡದವರ ಖಾತೆಯಿಂದ ಹಣ ಕಡಿತವಾಗುವುದೇ? ,oneindia,0,1,False Negative
"ಹೃದಯಾಘಾತ: ಬಸ್‌ ನಿಲ್ದಾಣದಲ್ಲಿ ಕೆಎಸ್‌ಆರ್‌ಟಿಸಿ ಡಿಪೊ ವ್ಯವಸ್ಥಾಪಕ ನಿಧನ                              
                        ",prajavani,1,1,True Negative
ಪತಿ ಕೊಲ್ಲಿಸಿದ ಪತ್ನಿ ಸೇರಿ ನಾಲ್ವರ ಬಂಧನ ,prajavani,1,1,True Negative
"ತಾಂತ್ರಿಕ ಕಾರಣ: ಸಿಯುಇಟಿ–ಯುಜಿ ಪರೀಕ್ಷೆ ರದ್ದು                              
                        ",prajavani,1,1,True Negative
ನವವಿವಾಹಿತೆ ಕಿಡ್ನಾಪ್‌ ಕೇಸ್‌: ಹುಬ್ಬಳ್ಳಿ-ಧಾರವಾಡ ಪಾಲಿಕೆ ಸದಸ್ಯ ಚೇತನ್‌ ಸೇರಿ ಮೂವರ ಬಂಧನ,asianet,1,1,True Negative
"ನೇಪಾಳದಲ್ಲಿ ನವೆಂಬರ್ 20ಕ್ಕೆ ಸಾರ್ವತ್ರಿಕ ಚುನಾವಣೆ                              
                        ",prajavani,1,1,True Negative
"ಜಿಎಸ್‌ಟಿ ವಿರುದ್ಧ ಜೆಡಿಎಸ್‌ ಆಕ್ರೋಶ: ಕೇಂದ್ರ ಸರ್ಕಾರದ ವಿರುದ್ಧ ಕಿಡಿ                              
                        ",prajavani,1,1,True Negative
‘ಸೇಫ್ ಶಾಪ್ ಇಂಡಿಯಾ’ ಇ-ಕಾಮರ್ಸ್ ಕಂಪನಿ ಕಾರ್ಯನಿರ್ವಾಹಕಿಯ ವಿಡಿಯೋವನ್ನು ಕೊಡಗು ಜಿಲ್ಲಾಧಿಕಾರಿ ಎಂದು ತಪ್ಪಾಗಿ ಚಿತ್ರಿಸಲಾಗಿದೆ,factly,0,0,True Positive
Yadgir Crime: ಬದನೆಕಾಯಿ ಕದ್ದಿದ್ದಕ್ಕೆ ಯುವಕನ ಕೊಲೆ..,asianet,1,1,True Negative
ಮೋದಿ ದೂರ ಇಟ್ಟ ಗುಜರಾತ್‌ ಗೆಲ್ಲಲು ಕಾಂಗ್ರೆಸ್‌ ರಣತಂತ್ರ,asianet,1,0,False Positive
Fact Check| ಡಾ. ದೇವಿ ಶೆಟ್ಟಿ ನೀಡಿದ 22 ಸಲಹೆಗಳು,asianet,0,1,False Negative
ಹಿಜಾಬ್ ಧರಿಸಿದ ಮೊದಲ ನ್ಯಾಯಾಧೀಶೆ ರಫಿಯಾ ಅರ್ಷದ್ ಬ್ರಿಟನ್‌ನವರು ಹೊರತು ಅಮೆರಿಕದವರಲ್ಲ,factly,0,0,True Positive
Kolar Crime News: ಸರ್ಕಾರಿ ಭೂ ಮಂಜೂರಿಗಾಗಿ ಜಿಲ್ಲಾಧಿಕಾರಿ ನಕಲಿ ಸಹಿ: ಕಂದಾಯ ಇಲಾಖೆಯ ಇಬ್ಬರು ಅರೆಸ್ಟ್ ,asianet,1,1,True Negative
 ಮೋದಿ ವಿಶ್ವ ಆರೋಗ್ಯ ಸಂಸ್ಥೆ ಚೇರ್‌ಮನ್?,asianet,0,0,True Positive
ಆರೋಗ್ಯ ಸರ್ವರ ಸ್ವತ್ತಾಗಲಿ–ಮಾಜಿ ಶಾಸಕ ಗವಿಯಪ್ಪ ,prajavani,1,1,True Negative
"ಅರಣ್ಯಾಧಿಕಾರಿ, ಪೊಲೀಸರ ಮೇಲೆ ಎಗರಿಬಿದ್ದ ಚೀತಾ: ವಿಡಿಯೋ ವೈರಲ್",asianet,1,0,False Positive
"ಮಗುವಿನೊಂದಿಗೆ ತಾಯಿ ಆತ್ಮಹತ್ಯೆಗೆ ಯತ್ನ, ಪೊಲೀಸ್ ಸಿಬ್ಬಂದಿಯ ಸಮಯ ಪ್ರಜ್ಞೆಗೆ ಉಳಿದ ಪ್ರಾಣ",asianet,1,1,True Negative
ವೀಡಿಯೊದಲ್ಲಿ ತೋರಿಸಿರುವ ಲುಪ್ಪೋ ಕೇಕ್ ಭಾರತದಲ್ಲಿ ಮಾರಾಟ ಮಾಡಲಾಗುವುದಿಲ್ಲ. ಅಲ್ಲದೆ ಅದು ಪಾರ್ಶ್ವವಾಯುವಿಗೆ ಕಾರಣವಾಗುವುದಿಲ್ಲ.,factly,0,0,True Positive
"ಎಸ್‌ಡಿಎ ನೇಮಕಾತಿ: ‘ಬ್ಲೂ ಟೂತ್‌’ ಬಳಸಿ ಅಕ್ರಮ; ಮೂವರು ಅಭ್ಯರ್ಥಿಗಳ ಡಿಬಾರ್‌                              
                        ",prajavani,1,1,True Negative
ಕ್ಯಾನ್ಸರ್ ನಿಂದ ಬಳಲುತ್ತಿದ್ದ ಜಿಟಿ ದೇವೇಗೌಡರ 3 ವರ್ಷದ ಮೊಮ್ಮಗಳು ವಿಧಿವಶ,asianet,1,0,False Positive
ನಾಸಿಕ್‌ನ ಥಿಯೇಟರ್‌ನಲ್ಲಿ ‘ದಿ ಕಾಶ್ಮೀರ್ ಫೈಲ್ಸ್’ ಚಿತ್ರದ ಪ್ರದರ್ಶನದ ವೇಳೆ ನಡೆದ ಘಟನೆಯನ್ನು ಸುಳ್ಳು ಕೋಮು ನಿರೂಪಣೆಯೊಂದಿಗೆ ಹಂಚಿಕೊಳ್ಳಲಾಗಿದೆ,factly,0,0,True Positive
"ನೂಪುರ್ ಶರ್ಮ ವಿರುದ್ಧ ದೇಶಾದ್ಯಂತ ಭಾರೀ ಪ್ರತಿಭಟನೆ, ಕರ್ನಾಟಕದಲ್ಲೂ ಹಿಂಸಾಚಾರ",asianet,1,1,True Negative
 ತೃಪ್ತಿ ದೇಸಾಯಿ ಶಬರಿಮಲೆ ಭೇಟಿ ಹಿಂದೆ ಬಿಜೆಪಿ ಪಾತ್ರ? ,oneindia,0,0,True Positive
ಗೋಮೂತ್ರ ಬಳಕೆಯಿಂದ ಕ್ಯಾನ್ಸರ್ ಕಡಿಮೆಯಾಗಿದೆ ಎಂದು ಚಾಲಕ ಹೇಳಿದ್ದ ಮಾತನ್ನು ಕಾಂಗ್ರೆಸ್ ಸಂಸದ ಹೇಳಿದ್ದಾರೆ ಎಂದು ತಪ್ಪಾಗಿ ಹಂಚಿಕೊಳ್ಳಲಾಗುತ್ತಿದೆ,factly,0,0,True Positive
Gadag: 'ಎಸಿಬಿ ರೇಡ್' ನಾಟಕ ಮಾಡಿ ಹಣ ಕಿತ್ತಲು ಮುಂದಾದ ಖದೀಮರ ಟೀಮ್,asianet,1,1,True Negative
RSS ಮೂಲ ಪ್ರಶ್ನಿಸಿದ ಸಿದ್ದುಗೆ ಬಿಜೆಪಿ ತರಾಟೆ: ದೇಶ ಕಟ್ಟುವ ಸಂಸ್ಥೆ ಬಗ್ಗೆ ಮಾತನಾಡುವ ನೈತಿಕತೆ ಅವರಿಗಿಲ್ಲ,asianet,1,1,True Negative
200MP ಕ್ಯಾಮೆರಾದೊಂದಿಗೆ Nokia N73 ಲಾಂಚ್? ಐದು ಕ್ಯಾಮೆರಾ ಹೊಂದಿರುವ ಮೊದಲ ಸ್ಮಾರ್ಟ್‌ಫೋನ್?,asianet,1,1,True Negative
ಜಾಗೃತಿಗಾಗಿ ನಟಿಸಿದ ವೀಡಿಯೊವನ್ನು ರೋಹಿಂಗ್ಯಾ ಮುಸ್ಲಿಮರು ಹಿಂದೂ ಮಕ್ಕಳನ್ನು ಅಪಹರಿಸುವ ವಿಡಿಯೋ ಎಂದು ತಪ್ಪಾಗಿ ಹಂಚಿಕೊಳ್ಳುತ್ತಿದ್ದಾರೆ,factly,0,0,True Positive
"World Environment Day: ಎಲ್ಲರಿಗೂ 'ಒಂದೇ ಒಂದು ಭೂಮಿ', ಪರಿಸರ ಉಳಿಸಿ, ಬೆಳೆಸಿ",asianet,1,1,True Negative
‘ಬಿಗ್ ಬಾಸ್’ ಮನೆಯಲ್ಲಿ ಟಿಕ್ ಟಾಕ್ ಸ್ಟಾರ್ ಸೋನು ಶ್ರೀನಿವಾಸ್ ಗೌಡ: ಹರಿದು ಬಂತು ನೆಗೆಟಿವ್ ಕಾಮೆಂಟ್,publictv,1,1,True Negative
"ಡಿಪ್ಲೊಮಾ ವಿದ್ಯಾರ್ಥಿಗಳಿಗೆ ತರಬೇತಿ ಕಾರ್ಯಾಗಾರ                              
                        ",prajavani,1,1,True Negative
ಎಎಪಿಯ ಸಂಬಳ ಸಹಿತ ಕಾರ್ಯಕರ್ತರ ಹಳೆಯ ವಿಡಿಯೋವನ್ನು ರೈತರ ಪ್ರತಿಭಟನೆಯದ್ದು ಎಂದು ಹಂಚಿಕೊಳ್ಳಲಾಗಿದೆ,factly,0,0,True Positive
ಬಿಹಾರದ ಹದಗೆಟ್ಟ ಹಳೆಯ ರಸ್ತೆಯ ಚಿತ್ರವನ್ನು ರಾಹುಲ್ ಗಾಂಧಿಯ ವಯನಾಡ್ ಕ್ಷೇತ್ರ ಎಂದು ಹಂಚಿಕೊಳ್ಳಲಾಗುತ್ತಿದೆ,factly,0,0,True Positive
Indian Railways Update: July 18ರಂದು 160 ರೈಲುಗಳ ಸಂಚಾರ ಸ್ಥಗಿತಗೊಳಿಸಿದ IRCTC,asianet,1,1,True Negative
"ಯುಪಿಯಲ್ಲಿ ಮುಸ್ಲಿಮರು ನಡೆಸಿದ ಮೆರವಣಿಗೆಯ ಹಳೆಯ ವೀಡಿಯೊವನ್ನು, ತ್ರಿಪುರಾದಲ್ಲಿ ಇತ್ತೀಚೆಗೆ ನಡೆದ ಕೋಮುಗಲಭೆಯ ವಿರುದ್ಧ ಮುಸ್ಲಿಮರು ನಡೆಸುತ್ತಿರುವ ಪ್ರತಿಭಟನೆ ಎಂದು ಹಂಚಿಕೊಳ್ಳಲಾಗುತ್ತಿದೆ",factly,0,0,True Positive
ಕೊನೆಗೂ ಅಜಂ ಖಾನ್ ಗೆ ಸಿಕ್ಕಿತು ಜಾಮೀನು,asianet,1,0,False Positive
"ಮೋದಿ ಪತ್ರಕ್ಕೆ ಮಾಜಿ ರಾಷ್ಟ್ರಪತಿ ಕೋವಿಂದ್ ಭಾವುಕ, ನೆನಪಿನ ಬುತ್ತಿ ಬಿಚ್ಚಿಟ್ಟ ಪ್ರಧಾನಿ",asianet,1,1,True Negative
"ಛಾವಣಿಯಿಂದ ಕೆಳಗೆ ಬಿದ್ದಾತನ ಕತ್ತು ಸೀಳಿ ಬಾಯಿಯಿಂದ ಹೊರಬಂದ ರಾಡ್‌, 2 ತಾಸಿನಲ್ಲಿ ನಡೆಯಿತು ಚಮತ್ಕಾರ",asianet,1,1,True Negative
"ಕನ್ಹಯ್ಯ ಕೊಲೆ ಆರಂಭ ಮಾತ್ರ, ಹತ್ಯೆ ಹಿಂದೆ ಹಲವು ನರಹಂತಕರು, NIA ಬಿಟ್ಟಿಟ್ಟ ರಹಸ್ಯ",asianet,1,1,True Negative
  ರಸ್ತೆಯಲ್ಲಿ ವ್ಯಕ್ತಿಯನ್ನು ಹೊಡೆದು ಕೊಲ್ಲುವ ದೃಶ್ಯದ ಸತ್ಯಾಂಶ,prajavani,0,0,True Positive
"ಕೇರಳ ಬೆನ್ನಲ್ಲೇ ಕರ್ನಾಟಕಕ್ಕೂ ಮುಂಗಾರು ಪ್ರವೇಶ, ಜೂನ್ 5ರಿಂದ ಮಳೆಯಬ್ಬರ: ಐಎಂಡಿ",asianet,1,1,True Negative
ನೀರಿನಲ್ಲಿ ಕೊಚ್ಚಿ ಹೋಗುತ್ತಿದ್ದ ಇಬ್ಬರು ಮಕ್ಕಳನ್ನುಕಾಪಾಡಿದ ವ್ಯಕ್ತಿ ಮಕ್ಕಳ ತಂದೆಯಲ್ಲ,factly,0,1,False Negative
 ವಾರಾಣಸಿಯ ನಂದಿ ವಿಗ್ರಹ ಎನ್ನಲಾದ ವೈರಲ್‌ ಫೋಟೋ ಮಹಾರಾಷ್ಟ್ರದ್ದು,asianet,0,1,False Negative
Gold and Silver Price: ಹೀಗಿದೆ ಇಂದಿ ಚಿನ್ನ-ಬೆಳ್ಳಿ ದರ,asianet,1,1,True Negative
 ಕಾರ್ಮಿಕರಿಗೆ ಕೇಂದ್ರದಿಂದ 1.20 ಲಕ್ಷ ರೂ ಪ್ಯಾಕೇಜ್ ಕೊಡುತ್ತಿದೆಯಾ?,asianet,0,0,True Positive
 ಹಳದಿ ಮಿನಿ ಡ್ರೆಸ್‍ನಲ್ಲಿ ಮಿಂಚಿದ ಆಲಿಯಾ ಭಟ್!,news18,1,1,True Negative
ದೇಶಾದ್ಯಂತ ‘ಟೆಲಿ ಆಪ್ತ ಸಮಾಲೋಚನೆ’: ಸಚಿವ ಸುಧಾಕರ್‌,asianet,1,1,True Negative
" ಮಳೆಯ ಅಬ್ಬರಕ್ಕೆ ಕೇರಳ ತತ್ತರ, 4 ಮಂದಿ ಸಾವು",news18,1,1,True Negative
ಹಳೆಯ ವೀಡಿಯೊವನ್ನು ‘ರಿಷಿ ಕಪೂರ್ ಅವರ ಕೊನೆಯ ದಿನದಂದು ಆಸ್ಪತ್ರೆಯ ಸಿಬ್ಬಂದಿಗಳೊಂದಿಗೆ ಎಂದು ಹಂಚಿಕೊಳ್ಳಲಾಗಿದೆ’,factly,0,0,True Positive
"BiggBoss Kannada OTTಗೆ ಚಾಲನೆ: 16 ಸ್ಪರ್ಧಿಗಳ ಪೂರ್ಣ ಮಾಹಿತಿ ಇಲ್ಲಿದೆ                              
                        ",prajavani,1,1,True Negative
"ವಿಡಿಯೋದಲ್ಲಿನ ಘಟನೆಗೂ ,ಲವ್ ಜಿಹಾದ್‌ಗೂ ಸಂಬಂಧವಿಲ್ಲ; ಪತ್ನಿ ಮೇಲಿನ ಅನುಮಾನದಿಂದ ಗಂಡ ಹತ್ಯೆ ಮಾಡಿದ್ದು, ಇಬ್ಬರೂ ಹಿಂದೂಗಳೆ ಆಗಿದ್ದಾರೆ",factly,0,1,False Negative
" ಇನ್ಮುಂದೆ ಇಂಡಿಯಾ ಎನ್ನುವಂತಿಲ್ಲ, ಭಾರತವೆಂದೇ ಕರೆಯಬೇಕು..",asianet,0,0,True Positive
 ಭಾರತಕ್ಕೆ ಬೆದರಿಕೆ ಹಾಕಿದರಾ ತಾಲಿಬಾನ್ ಉಗ್ರರು? ,oneindia,0,1,False Negative
"ಚಿನಕುರಳಿ, ಗುರುವಾರ, 07–07–2022",prajavani,0,0,True Positive
" ಸಮುದ್ರಕ್ಕೆ ಕೊರೋನಾ ಸೋಂಕಿತರ ಹೆಣ, ಮೀನು ತಿನ್ಬೇಡಿ",asianet,0,0,True Positive
 ಬಸ್ ಅಪಘಾತದಲ್ಲಿ ಮೃತಪಟ್ಟ ಮಹಿಳೆಯರೆಲ್ಲರೂ ವೈದ್ಯರು? ,oneindia,0,1,False Negative
ಹಾವೇರಿ: ವಿದ್ಯಾರ್ಥಿನಿ ಮೇಲೆ ಒಂದೂವರೆ ವರ್ಷದಿಂದ ಪ್ರಾಧ್ಯಾಪಕನಿಂದ ರೇಪ್‌  ,asianet,1,1,True Negative
ಒಣ ಶುಂಠಿ ಪುಡಿಯನ್ನು ಮೂಗಿಗೆ ಹಾಕುವುದರಿಂದ COVID-19 ಅನ್ನು ಗುಣಪಡಿಸಬಹುದು ಎಂಬುದಕ್ಕೆ ಯಾವುದೇ ವೈಜ್ಞಾನಿಕ ಆಧಾರಗಳಿಲ್ಲ,factly,0,0,True Positive
‘ಶೃತಿ ಸೇರಿದಾಗ’ ಕಾರ್ಯಕ್ರಮ ,prajavani,1,1,True Negative
ಮಿರ್ಜಾಪುರದಲ್ಲಿ ಎರಡು ಮುಸ್ಲಿಂ ಕುಟುಂಬಗಳ ನಡುವಿನ ವಿವಾದವನ್ನು ಕೋಮು ವೈಷಮ್ಯದ ನಿರೂಪಣೆಯೊಂದಿಗೆ ಹಂಚಿಕೊಳ್ಳಲಾಗಿದೆ,factly,0,0,True Positive
ಈ ಫೋಟೋಗಳಲ್ಲಿರುವ ಪಂಜಾಬ್‌ ಮಹಿಳಾ ಪೊಲೀಸ್ ಮೇಲೆ ಅತ್ಯಾಚಾರ ನಡೆದಿಲ್ಲ. ಅವರು ರಸ್ತೆ ಅಪಘಾತದಿಂದ ಮೃತಪಟ್ಟರು,factly,0,1,False Negative
ರಸ್ತೆ ಮಧ್ಯೆಯೇ ಆಟವಾಡಿದ ಆನೆ ಮರಿಗಳು: ಐಎಎಸ್‌ ಅಧಿಕಾರಿ ಶೇರ್‌ ಮಾಡಿದ ಈ ವಿಡಿಯೋ ಸಖತ್‌ ವೈರಲ್..,asianet,1,1,True Negative
‘ನಮಗೆ ಕಾಶ್ಮೀರ ಬೇಡ. ನಮಗೆ ಹೈಡ್ರಾಕ್ಸಿಕ್ಲೋರೋಕ್ವಿನ್ ನೀಡಿ’ ಎಂದು ಪಾಕಿಸ್ತಾನದ ಜನರು ಬ್ಯಾನರ್ ಹಿಡಿದಿರುವಂತೆ ಸಂಪಾದಿಸಲಾದ ಫೋಟೋವನ್ನು ಹಂಚಿಕೊಳ್ಳಲಾಗಿದೆ,factly,0,0,True Positive
IPL Betting: ರಾಜಸ್ಥಾನದಿಂದ ಪಾಕಿಸ್ತಾನದವರೆಗೂ ಹಬ್ಬಿದೆ ಬೆಟ್ಟಿಂಗ್ ನಂಟು..,asianet,1,1,True Negative
"75ನೇ ಸ್ವಾತಂತ್ರ್ಯೋತ್ಸವ: ಅಮೆರಿಕದ ಗಾಯಕಿ ಮೇರಿ ಮಿಲಬೆನ್‌ ಅತಿಥಿ                              
                        ",prajavani,1,0,False Positive
 ಭಾನುವಾರದ ಬಾಡೂಟ ಸವಿಯಲು ಇಲ್ಲಿದೆ ಚಿಕನ್ ಸುಕ್ಕ ರೆಸಿಪಿ,news18,1,0,False Positive
"ಆ.7ಕ್ಕೆ ಪ್ರಧಾನಿ ನರೇಂದ್ರ ಮೋದಿ ಅಧ್ಯಕ್ಷತೆಯಲ್ಲಿ ನೀತಿ ಆಯೋಗದ ಸಭೆ                              
                        ",prajavani,1,1,True Negative
 ಶಾರುಖ್ ಅಭಿನಯದ 'ಪಠಾಣ್' ಸಿನಿಮಾ ನೋಡಬೇಡಿ ಎಂದ ಸಿಎಂ ಯೋಗಿ ,oneindia,0,0,True Positive
 ಶಿಕ್ಷಕರ ಕಾರಿಗೂ ಬಂತು ಲೋಗೋ,asianet,0,1,False Negative
Fact check;  ಚೀನಿ ಆಪ್‌ಗಳಿಗೆ ಕೊನೆ ಮೊಳೆ ಹೊಡೆದ ಭಾರತ,asianet,0,0,True Positive
"ದೆಹಲಿಯ ಸ್ಪಾನಲ್ಲಿ ಮಹಿಳೆ ಮೇಲೆ ಇಬ್ಬರಿಂದ ಅತ್ಯಾಚಾರ: ದೆಹಲಿ ಮಹಿಳಾ ಆಯೋಗದ ಆರೋಪ                              
                        ",prajavani,1,1,True Negative
ಅಮೆರಿಕದಲ್ಲಿಒಂದೇ ದಿನ ದಾಖಲೆಯ 1048 ಹೊಸ ಪ್ರಕರಣಗಳು ಪತ್ತೆ; ಭಾರತದಲ್ಲೂ ಹೆಚ್ಚಿದ ಆತಂಕ,asianet,1,1,True Negative
 ಎಜೆಯಿಂದ ಜೀವ ಉಳಿಸಿಕೊಳ್ಳಲು ಪರದಾಡುತ್ತಿದ್ದ ಲೀಲಾಗೆ ಅಪ್ಪನ ಫೋನ್ ಕಾಲ್ ಉರುಳಾಯ್ತೆ?,news18,1,1,True Negative
 ದಾರುಲ್ ಉಲೂಂ ದೇವಬಂದ್ ಹೆಸರಿನಲ್ಲಿ ಫತ್ವಾ,prajavani,0,0,True Positive
 ನೆಹರುಗೆ ತಲೆಬಾಗಿ ನಮಿಸಿದ್ರಾ ಮೋದಿ?,asianet,0,0,True Positive
ಮಹಿಳೆಗೆ ಗೊತ್ತಿಲ್ಲದಂತೆ ತಲಾಖ್‌ ಮಾಡಿಸಿದ ರೌಡಿಶೀಟರ್: ಮತ್ತೊಬ್ಬರ ಮನೆ ಮುರಿಯೋದೆ ಈತನ ಕೆಲಸ..,asianet,1,1,True Negative
 ಕರೌಲಿ ಮಸೀದಿಯ ಮುಂದೆ ಹಿಂದೂ ಗುಂಪು,oneindia,0,0,True Positive
"'ರಾಹುಲ್ ಗಾಂಧಿಗೆ ವಿನಾಕಾರಣ ಕಿರುಕುಳ, ಬಿಜೆಪಿಯವ್ರ ವಿರುದ್ಧ ತನಿಖೆ ಯಾಕಿಲ್ಲ?'",asianet,1,1,True Negative
"ಕಾರುಗಳ ಗಾಜು ಒಡೆದು ಕಳ್ಳತನ: ಇಬ್ಬರ ಬಂಧನ                              
                        ",prajavani,1,1,True Negative
"ಬಂಧನಕ್ಕೂ ಮುನ್ನ ಪಿಎಸ್‌ಐ ಅಣಕು ಪರೀಕ್ಷೆ!                              
                        ",prajavani,1,0,False Positive
ಮಂಗ್ಳೂರು ವಿವಿ ಕಾಲೇಜು ವಿವಾದ: ಟಿಸಿಗಾಗಿ ಹಿಜಾಬ್‌ ವಿದ್ಯಾರ್ಥಿನಿಯರ ಅರ್ಜಿ,asianet,1,1,True Negative
ಶಿಕ್ಷಕಿಯರ ನಡುವೆ ಮನಸ್ತಾಪ- ಶಾಲೆಗೇ ಬೀಗ ಜಡಿದ ಗ್ರಾಮಸ್ಥರು,publictv,1,1,True Negative
ಹಿಂದೂ ನೌಕರರು ಜಮ್ಮವಿಗೆ ವರ್ಗ ಇಲ್ಲ,asianet,1,0,False Positive
"ಭಾರತೀಯರಿಗೆ ಶಾಕ್ ಕೊಟ್ಟ ಸೌದಿ ಅರೇಬಿಯಾ, ಕೊರೋನಾ ಭೀತಿಯಿಂದ ಪ್ರಯಾಣಿಕರಿಗೆ ನಿರ್ಬಂಧ",asianet,1,1,True Negative
"‘ಮಲಬಾರ್‌’ಗೆ ಪ್ರಶಸ್ತಿ                              
                        ",prajavani,1,0,False Positive
"ಪಾಕ್‌ನಲ್ಲಿ ಗುಂಡಿನ ದಾಳಿ: ನಾಲ್ವರ ಸಾವು                              
                        ",prajavani,1,1,True Negative
 ಬ್ರೆಡ್‌ ಮೇಲೆ ಎಂಜಲು ಹಚ್ಚುತ್ತಾರಾ?,asianet,0,0,True Positive
"ಆ.8ರವರೆಗೆ ಜಿಲ್ಲೆಯಲ್ಲಿ ನಿರ್ಬಂಧ ಮುಂದುವರಿಕೆ                              
                        ",prajavani,1,1,True Negative
"ಪವಿತ್ರ ಅಮರನಾಥ ಯಾತ್ರೆಗೆ 3 ಲಕ್ಷ ಭಕ್ತರು ನೋಂದಣಿ, ಜೂನ್ 30 ರಿಂದ ಆರಂಭ",asianet,1,1,True Negative
"PSI ಅಕ್ರಮ ಕೇಸ್, ವಿಚಾರಣೆ ವೇಳೆ ದಿವ್ಯಾ ಹಾಗರಗಿ ಪಶ್ಚಾತಾಪದ ಮಾತು",asianet,1,1,True Negative
"ಮಳೆ, ಪ್ರವಾಹ: 140ಕ್ಕೂ ಹೆಚ್ಚು ಮನೆಗಳಿಗೆ ಹಾನಿ                              
                        ",prajavani,1,1,True Negative
ಭಾರತ ಸರ್ಕಾರವು ಧರ್ಮದ ಆಧಾರದ ಮೇಲೆ ಅಪರಾಧಿಗಳ ಅಂಕಿಅಂಶಗಳು ಮತ್ತು ತೆರಿಗೆ-ಸಂಬಂಧಿತ ಡೇಟಾವನ್ನು ಬಿಡುಗಡೆ ಮಾಡುವುದಿಲ್ಲ,factly,0,0,True Positive
‘ಜೈಲಿನಲ್ಲಿದ್ದ ಮಹಿಳೆ ಬನಾರಸ್ (ವಾರಣಾಸಿ) ನ ಬಂಧನ ಕೇಂದ್ರದಲ್ಲಿ ಬೇಲಿ ಮೂಲಕ ಮಗುವಿಗೆ ಹಾಲುಣಿಸುತ್ತಾಳೆ’ ಎಂದು ಹಳೆಯ ಚಿತ್ರವನ್ನು ಹಂಚಿಕೊಳ್ಳಲಾಗಿದೆ,factly,0,0,True Positive
"ತೈಲ ಕಂಪನಿಗಳಿಗೆ ₹18,480 ಕೋಟಿ ನಷ್ಟ                              
                        ",prajavani,1,1,True Negative
"ತಾಯಿ ಗರ್ಭದಲ್ಲಿಯೇ ರುಂಡ ಕತ್ತರಿಸಿ, ಓಡಿ ಹೋದ ಪಾಕ್ ವೈದ್ಯರು",asianet,1,1,True Negative
"ಲೋಕ ಅದಾಲತ್ ಪ್ರಯೋಜನ ಪಡೆಯಿರಿ: ಬಸವರಾಜ ಚೇಗರೆಡ್ಡಿ                              
                        ",prajavani,1,1,True Negative
 ಅಂಬಾಲಾದಲ್ಲಿ ರಫೇಲ್ ಜೆಟ್ ಅಪಘಾತದ ಸುದ್ದಿ ಸುಳ್ಳು,oneindia,0,0,True Positive
ಪೊಲೀಸರು ಗಲಭೆ ಹತ್ತಿಕ್ಕಲು ಲಾಠಿ ಚಾರ್ಜ್ ಮಾಡುತ್ತಿದ್ದಾರೆಯೇ ಹೊರತು ರಸ್ತೆಯಲ್ಲಿ ನಮಾಜ್ ಮಾಡುತ್ತಿದ್ದಕ್ಕಾಗಿ ಅಲ್ಲ,factly,0,0,True Positive
"News Hour ಅಜಾನ್ ವಿವಾದ ಅಂತ್ಯಕ್ಕೆ ಹೊಸ ಮಾರ್ಗಸೂಚಿ ಪ್ರಕಟ, ಕಠಿಣ ನಿಯಮ ಜಾರಿ",asianet,1,1,True Negative
"ಅರಸು ಜಯಂತಿ ಅರ್ಥಪೂರ್ಣ ಆಚರಣೆಗೆ ಸೂಚನೆ: ಜಿಲ್ಲಾಧಿಕಾರಿ ಶಿವಕುಮಾರ                              
                        ",prajavani,1,1,True Negative
ನೋಡಲು ಸುಂದರವಾಗಿಲ್ಲ ಅಂತ ಹೆಂಡ್ತಿಗೆ ಕಿರುಕುಳ: ಗಂಡನ ಕಾಟ ತಾಳದೆ ಮಹಿಳೆ ಆತ್ಮಹತ್ಯೆ,asianet,1,1,True Negative
"‘ಚಿಮುಲ್; ನಾವು 2024ರವರೆಗೆ ನಿರ್ದೇಶಕರು’                              
                        ",prajavani,1,0,False Positive
 ಸೌಮ್ಯ ಕೋವಿಡ್ ಪ್ರಕರಣಗಳಲ್ಲಿ ಸಿಟಿ ಸ್ಕ್ಯಾನ್ ಅಗತ್ಯವಿಲ್ಲವೇ? ,oneindia,0,0,True Positive
 ಗ್ಯಾಂಗ್‌ಸ್ಟರ್‌ ದುಬೆ ಜೊತೆ ಸಂಬಿತ್ ಪಾತ್ರ ಡ್ಯಾನ್ಸ್‌,asianet,0,0,True Positive
"ಹೃದಯಾಘಾತದಿಂದ ತಂದೆಯ ಸಾವು, ಶವಕ್ಕೆ ಕುಂಕುಮ ಹಚ್ಚಿ ಆಟವಾಡುತ್ತಿದ್ದ ಪುಟ್ಟ ಮಕ್ಕಳು",asianet,1,1,True Negative
 ಸುಳ್ಳು ಯಾಕ್ರೀ ಹೇಳ್ತೀರಾ? ಭಾರತೀಯ ಸೇನೆಯ ಉತ್ತರ,asianet,0,0,True Positive
"ಶಿಕಾರಿಪುರ: ಚುರುಕುಗೊಂಡ ಭತ್ತದ ನಾಟಿ ಕಾರ್ಯ                              
                        ",prajavani,1,1,True Negative
 ತೇಜಸ್ವಿ ಯಾದವ್‌ಗೆ ಜಗತ್ತಿನ ಅತಿ ಕಿರಿಯ ರಾಜಕಾರಣಿ ಪ್ರಶಸ್ತಿ?,asianet,0,1,False Negative
"ಕುಂದಾಪುರ: ಮಹಿಳೆ ಹಲ್ಲೆ ನಡೆಸಿ ಆಭರಣ ದೋಚಿದ ಖದೀಮ                              
                        ",prajavani,1,1,True Negative
"ಮುಖ್ಯನ್ಯಾಯಮೂರ್ತಿ ಸ್ಥಾನಕ್ಕೆ ಯು.ಯು ಲಲಿತ್‌ ಹೆಸರು ಶಿಫಾರಸು ಮಾಡಿದ ಸಿಜೆಐ                              
                        ",prajavani,1,1,True Negative
 ಕೊರೊನಾ ಲಸಿಕೆ ಹಾಕಿಸಿಕೊಂಡವರು ಅನಸ್ತೇಶಿಯಾ ಪಡೆದರೆ ಸಾವು?,oneindia,0,0,True Positive
ವ್ಯಂಗ್ಯ ಬರಹವನ್ನು “CNN ಸಂಸ್ಥೆ ತಾಲಿಬಾನ್‌ಗಳನ್ನು ಹೊಗಳುತ್ತಿದೆ” ಎಂದು ಹಂಚಿಕೊಳ್ಳಲಾಗಿದೆ,factly,0,0,True Positive
 ನೀಟ್‌ ಪರೀಕ್ಷೆ ಮುಂದೂಡಲಾಯ್ತೆ?,asianet,0,0,True Positive
"ELection ಮ.ಪ.ದಲ್ಲಿ ಚುನಾವಣೆಗೆ ಸುಪ್ರೀಂ ಆದೇಶ, ರಾಜ್ಯದಲ್ಲೂ ಜಿಪಂ, ತಾಪಂ,ಬಿಬಿಎಂಪಿ ಎಲೆಕ್ಷನ್ ಘೋಷಣೆ?",asianet,1,1,True Negative
"ಕಾಂಗ್ರೆಸ್‌ ಪಾದಯಾತ್ರೆ 7ರಂದು                              
                        ",prajavani,1,1,True Negative
 ಎಟಿಎಂನಲ್ಲಿ ಎರಡು ಬಾರಿ 'ಕ್ಯಾನ್ಸಲ್' ಬಟನ್ ಒತ್ತಿದರೆ PIN ಕಳ್ಳತನವಾಗುವುದಿಲ್ಲ?,oneindia,0,1,False Negative
  ಗೋಧಿ ಪ್ಯಾಕೇಟ್‌ನಲ್ಲಿ 15 ಸಾವಿರ ಇಟ್ಟು ಹಂಚಿದ ಅಮೀರ್‌ ಖಾನ್,asianet,0,0,True Positive
"ರೈಲ್ವೆ ಹಳಿಗಳನ್ನು ಸ್ಪೋಟಿಸಲು ಪಾಕ್ ಸಂಚು, ಗುಪ್ತಚರ ವಿಭಾಗದ ಎಚ್ಚರಿಕೆ",asianet,1,1,True Negative
ಯವ್ವಾ ಖಾರ... ಮೆಣಸು ತಿಂದು ಗಿನ್ನೆಸ್‌ ಪುಟ ಸೇರಿದ ಭೂಪ,asianet,1,1,True Negative
"ಶ್ರೀಲಂಕಾ ಸ್ಥಿತಿ ಬಗ್ಗೆ IMF ಕಣ್ಣು, ರಾಜಕೀಯ ಸಂಕಷ್ಟ ನಿವಾರಣೆಯಾಗುತ್ತಿದ್ದಂತೆಯೇ ಬೇಲ್‌ಔಟ್‌ ಡೀಲ್‌ ಚರ್ಚೆ",asianet,1,1,True Negative
"ಹರಿಹರ ಪಲ್ಲತ್ತಡ್ಕ ರಸ್ತೆ: ತಾತ್ಕಾಲಿಕ ದುರಸ್ತಿ                              
                        ",prajavani,1,1,True Negative
“ಜಾತ್ಯತೀತತೆಯು ಭಾರತವನ್ನು ಮತ್ತು ಅದರ ಹಿರಿಮೆಯನ್ನು ನಾಶಪಡಿಸುತ್ತಿದೆ” ಎಂದು ದಲೈಲಾಮಾರವರು ಹೇಳಿಲ್ಲ…,factly,0,0,True Positive
ಪುಟಿನ್ ಗಿಲ್ಗಿಟ್-ಬಾಲ್ಟಿಸ್ತಾನ್ ಮತ್ತು ಪಾಕಿಸ್ತಾನದ ಹಣದ ಮನವಿ ವಿಷಯಗಳ ಬಗ್ಗೆ ಮಾತನಾಡಿಲ್ಲ,factly,0,0,True Positive
ದುಬೈನ ಫೋಟೋವನ್ನು ಭಾರತದಲ್ಲಿ ಮುಸ್ಲಿಮರು ಮೇಲ್ಛಾವಣಿಯಲ್ಲಿ ಪ್ರಾರ್ಥನೆ ಸಲ್ಲಿಸುತ್ತಿದ್ದಾರೆ ಎಂದು ಹಂಚಿಕೊಳ್ಳಲಾಗಿದೆ,factly,0,0,True Positive
  ಬಂಗಾಳಕ್ಕೆ ವಲಸೆ ಕಾರ್ಮಿಕರನ್ನು ಹೊತ್ತೊಯ್ಯುತ್ತಿರುವ  ಶ್ರಮಿಕ್‌ ರೈಲು,asianet,0,0,True Positive
ಛತ್ತೀಸ್‌ಗಢ ಕವರ್ಧಾ ಪ್ರತಿಭಟನೆಯ ಹಳೆಯ ವೀಡಿಯೊವನ್ನು ಮಥುರಾದಲ್ಲಿ ಇತ್ತೀಚೆಗೆ ನಡೆದ ಹಿಂದೂ ರ್‍ಯಾಲಿಯ ವಿಡಿಯೋ ಎಂದು ತಪ್ಪಾಗಿ ಹಂಚಿಕೊಂಡಿದ್ದಾರೆ,factly,0,0,True Positive
 ಮಂಗಳೂರು ಕಡಲತೀರದಲ್ಲಿ ಮತ್ಸ್ಯಕನ್ಯೆ?,oneindia,0,1,False Negative
ಶಿರಸಿ: ವಿಪತ್ತು ಪಡೆಯಿಂದ ಚಾವಣಿ ವ್ಯವಸ್ಥೆ ,prajavani,1,1,True Negative
"ಯಾರಿಗೆ ಬೇಕಾದ್ರೂ ಮತ ಕೊಡಿ, ರಿಷಿಗೆ ಕೊಡ್ಬೇಡಿ: ಇನ್ಫಿ ಮೂರ್ತಿ ಅಳಿಯನ ವಿರುದ್ಧ ಬೋರಿಸ್ ಜಾನ್ಸನ್‌ ಗರಂ",asianet,1,1,True Negative
"ಐಬಿ, ನೀತಿ ಆಯೋಗಕ್ಕೆ ಹೊಸ ಚೀಫ್, RAW ಕಾರ್ಯದರ್ಶಿ ಅವಧಿ ಇನ್ನೊಂದು ವರ್ಷ ವಿಸ್ತರಣೆ",asianet,1,1,True Negative
2018 ರಲ್ಲಿ ಸ್ಪೇನ್‌ನಲ್ಲಿ ನಡೆದಿದ್ದ ನೃತ್ಯ ಕಾರ್ಯಕ್ರಮದ ವಿಡಿಯೊವನ್ನು ಅಯೋಧ್ಯೆ ರಾಮ ಮಂದಿರ ನಿರ್ಮಾಣದ ಸಂಭ್ರಮಾಚರಣೆ ಎಂದು ತಪ್ಪಾಗಿ ಹಂಚಿಕೊಳ್ಳಲಾಗಿದೆ,factly,0,0,True Positive
 ಕೇಜ್ರಿವಾಲ್ ಮತ್ತು ಭಗವಂತ್ ಮಾನ್ ಒಟ್ಟಿಗೆ ಮದ್ಯ ಸೇವನೆ ,oneindia,0,0,True Positive
 ಫೈಝರ್‌ ಲಸಿಕೆ ಪಡೆದ ನರ್ಸ್‌ ಸಾವನ್ನಪ್ಪಿ ಬಿಟ್ರಾ..?,asianet,0,0,True Positive
"ಪ್ರವೀಣ್‌ ನೆಟ್ಟಾರು ಕುಟುಂಬಕ್ಕೆ ಯುವವಾಹಿನಿ ಸಂಸ್ಥೆಯಿಂದ ಆರ್ಥಿಕ ನೆರವು                              
                        ",prajavani,1,1,True Negative
"ಹಂದಿ ಅಣ್ಣಿ ಕೊಲೆ ಬೆನ್ನಲ್ಲೇ ಮೈಕೊಡವಿ ನಿಂತಿದೆ ಶಿವಮೊಗ್ಗ ಅಂಡರ್‌ವಲ್ಡ್‌, ಇನ್ನೊಂದು ಕೊಲೆಗೆ ಯತ್ನ",asianet,1,1,True Negative
"ಸಾಮಾಜಿಕ ಅಂತರದ ಈ ಫೋಟೋಗಳನ್ನು ಕಲಾವ್ (ಮ್ಯಾನ್ಮಾರ್) ಮಾರುಕಟ್ಟೆಯಲ್ಲಿ ತೆಗೆಯಲಾಗಿದೆ, ಮಣಿಪುರ ಅಥವಾ ಮಿಜೋರಾಂ (ಭಾರತ) ನಲ್ಲಿ ಅಲ್ಲ",factly,0,0,True Positive
 ಉತ್ತರಾಖಂಡದಲ್ಲಿ ಕಾಳ್ಗಿಚ್ಚಿಗೆ ನೂರಾರು ಮರಗಳು ಬಲಿ?,asianet,0,1,False Negative
ರೈತರ ಪ್ರತಿಭಟನೆಯಲ್ಲಿ ನಿವೃತ್ತ ಸೇನಾ ಕ್ಯಾಪ್ಟನ್ ಗಾಯಗೊಂಡಿದ್ದಾರೆ ಎಂದು  ಸಂಬಂಧವಿಲ್ಲದ ಚಿತ್ರವನ್ನು ಹಂಚಿಕೊಳ್ಳಲಾಗಿದೆ,factly,0,0,True Positive
 ಫೇಸ್ಬುಕ್ಕಲ್ಲಿ ದಿನಾ 200 ಕೋಟಿ ಜೈಶ್ರೀರಾಮ್‌ ಜಪ?,asianet,0,0,True Positive
"ದ್ವೀಪದ ಸಂಪರ್ಕಕ್ಕೆ ಕಬ್ಬಿಣದ ಕಾಲುಸಂಕ                              
                        ",prajavani,1,0,False Positive
"ಇಲ್ಲ, ಈ ಮೂವರು ಐಪಿಎಸ್ ಅಧಿಕಾರಿಗಳು ಒಡಹುಟ್ಟಿದವರಲ್ಲ, ಸಹಪಾಠಿಗಳು",factly,0,0,True Positive
ರಾಮ ಮಂದಿರವನ್ನು ನಿರ್ಮಿಸಿದರೆ ಆತ್ಮಹತ್ಯೆ ಮಾಡಿಕೊಳ್ಳುವುದಾಗಿ ಕಾಂಗ್ರೆಸ್ ಮುಖಂಡ ಕಪಿಲ್ ಸಿಬಲ್ ಹೇಳಿಲ್ಲ,factly,0,0,True Positive
ಜು.16ರಿಂದ ಪೌತಿಖಾತೆ ಅಭಿಯಾನ: ಸಚಿವ ಅಶೋಕ್‌,asianet,1,1,True Negative
"National Herald Case : ಕಾಂಗ್ರೆಸ್‌ ಅಧಿನಾಯಕಿ ಸೋನಿಯಾಗೆ ಇಂದು ಇಡಿ ಡ್ರಿಲ್‌, ಪ್ರತಿಭಟನೆಗೆ ಸಿದ್ಧತೆ",asianet,1,1,True Negative
"ರೈತರ ಮೇಲಿನ ಗೋಲಿಬಾರ್‌ಗೆ 42 ವರ್ಷ                              
                        ",prajavani,1,0,False Positive
ಕರೋನವೈರಸ್ ಹಿನ್ನೆಲೆಯಲ್ಲಿ ಚೀನಾದಿಂದ ಹಳೆಯ ಸಂಬಂಧವಿಲ್ಲದ ಬಾವಲಿಗಳ ವೀಡಿಯೊವನ್ನು ಚೀನಾದಿಂದ ಹಂಚಿಕೊಳ್ಳಲಾಗುತ್ತಿದೆ.,factly,0,0,True Positive
ಸಾಮಾಜಿಕ ಮಾಧ್ಯಮಗಳಲ್ಲಿ ವೈರಲ್‌ ಆಗುತ್ತಿರುವ ಸಿಟಿ ಸ್ಕ್ಯಾನ್ ಚಿತ್ರ ಕೊರೊನಾ ಲಸಿಕೆ ಪಡೆದ ವ್ಯಕ್ತಿಯ ಶ್ವಾಸಕೋಶದ ಚಿತ್ರವಲ್ಲ,factly,0,0,True Positive
ಪೊಲಿಸರಿಗೇ ಚಳ್ಳೆಹಣ್ಣು ತಿನ್ನಿಸಿ ಖದೀಮರ ಕಳ್ಳತನ: ಮುಸಗುಗಳ್ಳರ ಕಾಟಕ್ಕೆ ಬೆಸ್ತುಬಿದ್ದ ಬಳ್ಳಾರಿ ಜನತೆ..,asianet,1,1,True Negative
 ವರ್ಕ್ ಫ್ರಂ ಹೋಂ ಮಾಡುವವರ ಸ್ಮಾರ್ಟ್‌ ‌ಫೋನ್‌ಗಳಿಗೆ ಫ್ರೀ ಇಂಟರ್‌ನೆಟ್‌?,asianet,0,0,True Positive
"ಬೆಂಕಿ ವೀಕ್ಷಕರಿಗೆ ಸಿಕ್ಕಿಲ್ಲ ಪೂರ್ಣ ವೇತನ                              
                        ",prajavani,1,1,True Negative
"Petrol - Diesel Price Today: ಪೆಟ್ರೋಲ್, ಡೀಸೆಲ್ ಇಂದಿನ ದರ ಹೇಗಿದೆ? ಯಾವೆಲ್ಲಾ ಜಿಲ್ಲೆಗಳಲ್ಲಿ ಇಳಿಕೆ?",asianet,1,1,True Negative
"ನೇಕಾರಿಕೆ ವೃತ್ತಿಗೆ ಪುನರುಜ್ಜೀವನ                              
                        ",prajavani,1,0,False Positive
IIMC Alumni ಅಸೋಸಿಯೇಶನ್‌ನ ಯಪಿ ಚಾಪ್ಟರ್ ಹೊಸ ಕಾರ್ಯಕಾರಿ ಸಮಿತಿ ರಚನೆ,asianet,1,1,True Negative
 ಜ್ಯೋತಿರಾಜ್ ಏಂಜೆಲ್ ಫಾಲ್ಸ್ ಹತ್ತಿದ್ದು ಹೌದಾ?,asianet,0,0,True Positive
‘ಮಾಸ್ಕ್‌ ಧರಿಸದ ಕಾರಣ ಮುಸ್ಲಿಮರ ಮೇಲೆ ಫ್ರೆಂಚ್ ಪೊಲೀಸ್ ಕ್ರಮ’ ಎಂದು ರೊಮೇನಿಯಾದ ವೀಡಿಯೊವನ್ನು ತಪ್ಪಾಗಿ ಹಂಚಿಕೊಳ್ಳಲಾಗಿದೆ,factly,0,0,True Positive
"ಸಚಿವ ಪ್ರಭು ಬಿ. ಚವ್ಹಾಣ್ ಹೆಸರಿನಲ್ಲಿ ನಕಲಿ ನೇಮಕಾತಿ ಆದೇಶ: ಶಿಕ್ಷಕ ಬಂಧನ                              
                        ",prajavani,1,1,True Negative
 ಬಿರಿಯಾನಿಯಲ್ಲಿ ಸಂತಾನ ಶಕ್ತಿ ಹರಣ ಮಾತ್ರೆ– ಈ ಸುದ್ದಿ ಸುಳ್ಳು,prajavani,0,0,True Positive
"ಪತ್ರಕರ್ತ ಸಿದ್ದಿಕ್ ಜಾಮೀನು ಅರ್ಜಿ ತಿರಸ್ಕೃತ                              
                        ",prajavani,1,1,True Negative
Fact Check| ಭೀಮನ ಮಗ ಘಟೋತ್ಕಜನ ಅಸ್ಥಿ,asianet,0,1,False Negative
ಅಭಿವೃದ್ಧಿಗಾಗಿ  ಶೀಘ್ರ ಬಿಬಿಎಂಪಿ ಚುನಾವಣೆ: ಸಿಎಂ ಬೊಮ್ಮಾಯಿ,asianet,1,1,True Negative
ಕುತುಬ್ ಮಿನಾರ್ ಅನ್ನು ಜನೌಷಧಿ ದಿನದ ಗೌರವಾರ್ಥವಾಗಿ ಅಲಂಕರಿಸಲಾಯಿತೆ ಹೊರತು ರಷ್ಯಾದ ಬೆಂಬಲಕ್ಕಾಗಿ ಅಲ್ಲ,factly,0,0,True Positive
 ತಮಿಳುನಾಡು ರಾಹುಲ್ ಗಾಂಧಿ ರ್ಯಾಲಿಯಲ್ಲಿ ಜನಸಾಗರ,asianet,0,0,True Positive
"ಬೆಳಗಾವಿ ಅಪಘಾತ: ಮಗನನ್ನು ಕಳೆದುಕೊಂಡಿದ್ದೀನ್ರಿ, ಅಣ್ಣನ ಮಕ್ಕಳು ಅನಾಥರಾದ್ರು, ಕುಟುಂಬಸ್ಥರ ಆಕ್ರಂದನ ",asianet,1,1,True Negative
ವೀಡಿಯೊದಲ್ಲಿರುವ ಹಕ್ಕಿ ‘ಲೈರೆಬರ್ಡ್’. ಈ ವಿಡಿಯೋವನ್ನು ಆಸ್ಟ್ರೇಲಿಯಾದ ಅಡಿಲೇಡ್ ಮೃಗಾಲಯದಲ್ಲಿ ತೆಗೆದುಕೊಳ್ಳಲಾಗಿದೆ.,factly,0,0,True Positive
India@75: ಜಗದೀಶ್‌ ಚಂದ್ರ ಬೋಸ್‌: ಬ್ರಿಟಿಷರ ಮುಂದೆ ಭಾರತ ತಲೆಯೆತ್ತಿ ನಿಲ್ಲುವಂತೆ ಮಾಡಿದ ವಿಜ್ಞಾನಿ,asianet,1,1,True Negative
"CWG 2022: ಮಹಿಳಾ ಹಾಕಿ ಸೆಮಿಫೈನಲ್‌ನಲ್ಲಿ ಆಸ್ಟ್ರೇಲಿಯಾ ವಿರುದ್ಧ ಭಾರತಕ್ಕೆ ಸೋಲು                              
                        ",prajavani,1,1,True Negative
" ಈ ಸಮಸ್ಯೆಗಳು ಕಾಣಿಸಿದ್ರೆ ನಿರ್ಲಕ್ಷ್ಯ ಬೇಡ, ಇದು ಮಧುಮೇಹದ ಲಕ್ಷಣಗಳಿರಬಹುದು",news18,1,1,True Negative
ಚಿತ್ರ ನಿರ್ಮಾಣಕ್ಕಿಳಿದ ನಟಿ ಮೇಘನಾ ರಾಜ್,publictv,1,1,True Negative
"ತೈವಾನ್‌ ಗುರಿಯಾಗಿಸಿ 11 ಖಂಡಾಂತರ ಕ್ಷಿಪಣಿ ಉಡಾಯಿಸಿದ ಚೀನಾ                              
                        ",prajavani,1,1,True Negative
"ನೂಪುರ್‌ ಶರ್ಮಾ ಬೆಂಬಲಿಸಿ ಪೋಸ್ಟ್‌: ಯುವಕನ ಮೇಲೆ ಹಲ್ಲೆ                              
                        ",prajavani,1,0,False Positive
ನಿಜವಾಗುತ್ತಾ ಐಐಟಿ ಕಾನ್ಪುರ ಭವಿಷ್ಯ?,asianet,1,1,True Negative
‘ಕೇರಳದ ಜನರು ಸಿಎಎ ಮತ್ತು ಎನ್‌ಆರ್‌ಸಿಯನ್ನು ಬೆಂಬಲಿಸಿ ಬಿಜೆಪಿ ಮತ್ತು ಆರ್‌ಎಸ್‌ಎಸ್ ಬೈಕ್ ರಾಲಿಯ ಮೇಲೆ ದಾಳಿ ಮಾಡಿದ್ದಾರೆ’ ಎಂದು ಹಂಚಿಕೊಂಡ ಹಳೆಯ ಮತ್ತು ಸಂಬಂಧವಿಲ್ಲದ ವೀಡಿಯೊ,factly,0,0,True Positive
"ನೇಮಕಾತಿ ಪರೀಕ್ಷೆಯಲ್ಲಿ ಅಕ್ರಮ: 72 ಶಿಕ್ಷಕರ ವಜಾ                               
                        ",prajavani,1,1,True Negative
ಮಂಡ್ಯದಲ್ಲಿ ಬೆಚ್ಚಿ ಬೀಳಿಸುವ ಘಟನೆ: ಮಗಳ ಶವದ ಜತೆ 4 ದಿನ ಕಳೆದ ತಾಯಿ..,asianet,1,1,True Negative
ಗಗನ ಸಖಿಯ ಮೋಹಕ ಡ್ಯಾನ್ಸ್‌ಗೆ ಪಡ್ಡೆ ಹೈಕ್ಳು ಫುಲ್ ಫಿದಾ,asianet,1,1,True Negative
Bengaluru Drug Racket: ಉಡ್ತಾ ಬೆಂಗಳೂರು ಆಗ್ತಿದ್ಯಾ ಸಿಲಿಕಾನ್ ಸಿಟಿ? ಕೇವಲ 15 ದಿನದಲ್ಲಿ 150 ಡ್ರಗ್ಸ್‌ ಕೇಸ್‌,asianet,1,1,True Negative
ಫಿಡೆ ಉಪಾಧ್ಯಕ್ಷರಾಗಿ ಆನಂದ್ ,prajavani,1,0,False Positive
"ಶಿಂದೆ ಬಣಕ್ಕೆ ಶಿವಸೇನಾ ಚಿಹ್ನೆ ನೀಡುವ ಬಗ್ಗೆ ನಿರ್ಧಾರ ಬೇಡ: ಆಯೋಗಕ್ಕೆ ಸುಪ್ರೀಂ                              
                        ",prajavani,1,1,True Negative
 ಕಾರಾಗಿರಿ ಲವ್‌ ಜಿಹಾದ್ ಉತ್ತೇಜಿಸುತ್ತಿದೆ ಎಂಬ ಆರೋಪ ನಿಜವೇ?,prajavani,0,0,True Positive
"ನ್ಯೂಯಾರ್ಕ್ ಟೈಮ್ಸ್ ನರೇಂದ್ರ ಮೋದಿಯನ್ನು ‘ಭೂಮಿಯ ಕೊನೆಯ, ಅತ್ಯುತ್ತಮ ಭರವಸೆ’ ಎಂದು ಕರೆಯಲಿಲ್ಲ",factly,0,0,True Positive
 ಇದು ಬಾಂಗ್ಲಾದೇಶದ ವಿಗ್ರಹ ಧ್ವಂಸದ ವಿಡಿಯೋನಾ?,oneindia,0,0,True Positive
Ramanagara Crime: ಬೈಕಲ್ಲಿ ಶವ ಸಾಗಣೆ ವೇಳೆ ಅಪಘಾತ: ಬಯಲಾಯ್ತು ಕೊಲೆ ರಹಸ್ಯ..,asianet,1,1,True Negative
ಫ್ಲೈಟ್ ಸಿಮ್ಯುಲೇಶನ್ ವೀಡಿಯೊವನ್ನು ಏರ್ ಇಂಡಿಯಾ ಎಕ್ಸ್ಪ್ರೆಸ್ ವಿಮಾನ  ಅಪಘಾತಗೊಳ್ಳುವುದಕ್ಕೆ ಸ್ವಲ್ಪ ಮುಂಚಿನ ಹಾರಟದ ದೃಶ್ಯ ಎಂದು ಹಂಚಿಕೊಳ್ಳಲಾಗಿದೆ,factly,0,0,True Positive
PSI Scam: ಬಂಧಿತ ಗಣಪತಿಗೂ ಆರಗಗೂ ಏನು ಸಂಬಂಧ?: ಹರಿಪ್ರಸಾದ್‌,asianet,1,1,True Negative
Covid Crisis: 5 ದಿನದ ಬಳಿಕ ಕೋವಿಡ್‌ ತುಸು ಇಳಿಕೆ: ಕರ್ನಾಟಕದಲ್ಲಿ 463 ಕೇಸು,asianet,1,1,True Negative
 ಸಾಯಿಬಾಬಾರಂತೆ ಕಾಣುವ ಪರ್ವತ ಎಂದು ವೈರಲಾಗಿರುವ ಈ ಚಿತ್ರ ಡಿಜಿಟಲ್ ಆರ್ಟ್,asianet,0,0,True Positive
"ಶಿಕ್ಷಕರ ನೇಮಕಾತಿ ಹಗರಣ: ಪಾರ್ಥ ಚಟರ್ಜಿ ಮಗಳು, ಅಳಿಯನ ಮೇಲೆ ಇ.ಡಿ ನಿಗಾ                              
                        ",prajavani,1,1,True Negative
Drone Mahotsav 2022 ಬೆಂಗಳೂರಿನ ಡ್ರೋನ್ ಹಾರಿಸಿ ಕಾರ್ಯಕ್ರಮ ಉದ್ಘಾಟಿಸಿದ ಪ್ರಧಾನಿ ಮೋದಿ,asianet,1,1,True Negative
ಉದ್ಯಾನವನದ ಈ ಜಿಮ್ ಉಪಕರಣಗಳು ಭೂತ ಚೇಷ್ಟೆಯಿಂದ ಚಲಿಸುತ್ತಿಲ್ಲ,factly,0,0,True Positive
Bengaluru: ಸಿಲಿಕಾನ್ ಸಿಟಿಯಲ್ಲಿ ನೇಣು ಬಿಗಿದುಕೊಂಡು ಸ್ಟಾಫ್ ನರ್ಸ್ ಆತ್ಮಹತ್ಯೆ,asianet,1,1,True Negative
ಕುತುಬ್‌ ಮಿನಾರ್‌ ನಿರ್ಮಾಣಗೊಂಡಿದ್ದು ಮುಘಲರ ಕಾಲದಲ್ಲೇ? ಇತಿಹಾಸ ಹೇಳುವುದೇನು?,prajavani,0,0,True Positive
2017 ರಲ್ಲಿ ಪ್ರಧಾನಿ ನರೇಂದ್ರ ಮೋದಿ ಬಿಡುಗಡೆ ಮಾಡಿದ ರಾಮಾಯಣ ಸ್ಮರಣಾರ್ಥ ಅಂಚೆ ಚೀಟಿಗಳನ್ನು ಇತ್ತೀಚಿನದೆಂದು ಹಂಚಿಕೊಳ್ಳಲಾಗಿದೆ,factly,0,0,True Positive
"ಬಿಲ್ಲವ ಸಮಾಜದಿಂದ ‌ಪ್ರವೀಣ್‌ ನೆಟ್ಟಾರು ಕುಟುಂಬಕ್ಕೆ ಮನೆ ನಿರ್ಮಿಸುವ ಸಂಕಲ್ಪ                              
                        ",prajavani,1,1,True Negative
ಶಾಲೆಯಿಂದ ಬಂದ ಅಣ್ಣನ ತಬ್ಬಿಕೊಂಡು ಮುದ್ದಾಡೋ ತಮ್ಮ ವಿಡಿಯೋ ವೈರಲ್,asianet,1,0,False Positive
"ರಾಜ್ಯದ ಜನತೆಗೆ ವಿದ್ಯುತ್ ಶಾಕ್, ಜುಲೈ 1ರಿಂದ ದರ‌ ಏರಿಕೆ, ಕೆಇಆರ್‌ಸಿ ಒಪ್ಪಿಗೆ",asianet,1,1,True Negative
"ಕೇವಲ 30 ದಿನ ರಜೆ, ಬ್ಯಾಡ್ಜ್ ಕೂಡಾ ಭಿನ್ನ, ಶೇ. 30 ವೇತನ ಕಡಿತ: ಸೇನಾ ಯೋಧರಿಗಿಂತ ಎಷ್ಟು ಭಿನ್ನ ಅಗ್ನಿವೀರರು?",asianet,1,1,True Negative
 ಭಾರತೀಯ ಸೇನೆಯ 158 ಯೋಧರನ್ನು ಹತ್ಯೆಗೈತಾ ಚೀನಾ?,asianet,0,0,True Positive
Karnataka Rain Updates: ರಾಜ್ಯದ 14 ಜಿಲ್ಲೆಗಳಲ್ಲಿ ವರುಣಾರ್ಭಟ : ಕರುನಾಡಿಗೆ 5 ದಿನ ಜಲ ಕಂಟಕ,asianet,1,1,True Negative
ಆಸ್ಟ್ರೇಲಿಯಾದ ಅಭಿಮಾನಿಯೊಬ್ಬರು ‘ವಂದೇ ಮಾತರಂ’ ಘೋಷಣೆ ಕೂಗುವ ಹಳೆ ವಿಡಿಯೋವನ್ನು ಇತ್ತೀಚೆಗೆ ನಡೆದ T20 ವಿಶ್ವಕಪ್‌ಗೆ ಲಿಂಕ್ ಮಾಡಿ ತಪ್ಪಾಗಿ ಹಂಚಿಕೊಳ್ಳಲಾಗಿದೆ,factly,0,0,True Positive
 ಟಿಪ್ಪು ಜೀವನಾಧಾರಿತ ಸಿನಿಮಾಕ್ಕೆ ಶಾರುಕ್‌ ಹೀರೋ ಆಗ್ತಿದ್ದಾರಾ?,asianet,0,0,True Positive
